//START TESTPLAY,,,,,,,,,,,,,,,,,,,,
//TESTPLAY LABEL START,,,,,,,,,,,,,,,,,,,,
//SRC定義,(NULL),gr,x,y,w,h,div_x,div_y,cycle,timer,op1,op2,op3,,,,,,,
#SRC_IMAGE,0,4,541,512,71,55,1,1,0,0,0,0,0,,,,,,,
//DST定義,(NULL),time,x,y,w,h,acc,a,r,g,b,blend,filter,angle,center,loop,timer,op1,op1,op3
#DST_IMAGE,0,350,1154,65,71,55,0,0,255,255,255,1,0,0,0,-1,0,0,0,0
#DST_IMAGE,0,500,1154,65,71,55,0,100,255,255,255,1,0,0,0,,,,,
#DST_IMAGE,0,616,1154,65,71,55,0,100,255,255,255,1,0,0,0,,,,,
#DST_IMAGE,0,650,1154,65,71,55,0,255,255,255,255,1,0,0,0,,,,,
#DST_IMAGE,0,683,1154,65,71,55,0,100,255,255,255,1,0,0,0,,,,,
#DST_IMAGE,0,716,1154,65,71,55,0,255,255,255,255,1,0,0,0,,,,,
#DST_IMAGE,0,750,1154,65,71,55,0,100,255,255,255,1,0,0,0,,,,,
#DST_IMAGE,0,783,1154,65,71,55,0,255,255,255,255,1,0,0,0,,,,,
#DST_IMAGE,0,816,1154,65,71,55,0,100,255,255,255,1,0,0,0,,,,,
#DST_IMAGE,0,850,1154,65,71,55,0,255,255,255,255,1,0,0,0,,,,,
#DST_IMAGE,0,883,1154,65,71,55,0,100,255,255,255,1,0,0,0,,,,,
#DST_IMAGE,0,916,1154,65,71,55,0,255,255,255,255,1,0,0,0,,,,,
#DST_IMAGE,0,950,1154,65,71,55,0,100,255,255,255,1,0,0,0,,,,,
#DST_IMAGE,0,983,1154,65,71,55,0,255,255,255,255,1,0,0,0,,,,,
#DST_IMAGE,0,1000,1154,65,71,55,0,255,255,255,255,1,0,0,0,,,,,
,,,,,,,,,,,,,,,,,,,,
//TESTPLAY LABEL,,,,,,,,,,,,,,,,,,,,
//SRC定義,(NULL),gr,x,y,w,h,div_x,div_y,cycle,timer,op1,op2,op3,,,,,,,
#SRC_IMAGE,0,4,541,512,71,55,1,1,0,0,0,0,0,,,,,,,
//DST定義,(NULL),time,x,y,w,h,acc,a,r,g,b,blend,filter,angle,center,loop,timer,op1,op2,op3
#DST_IMAGE,0,1000,1154,65,71,55,0,255,255,255,255,1,0,0,0,1000,0,-27,0,0
,,,,,,,,,,,,,,,,,,,,
,,,,,,,,,,,,,,,,,,,,
//BUTTON,,,,,,,,,,,,,,,,,,,,
//SRC定義,(NULL),gr,x,y,w,h,div_x,div_y,cycle,timer,type,click,panel,plusonly,,,,,,
#SRC_BUTTON,0,0,0,0,1,1,1,1,0,0,7,1,0,0,,,,,,
//DST定義,(NULL),time,x,y,w,h,acc,a,r,g,b,blend,filter,angle,center,loop,timer,op1,op2,op3
#DST_BUTTON,0,0,1100,16,165,165,0,255,255,255,255,1,0,0,0,0,0,-27,0,0
,,,,,,,,,,,,,,,,,,,,
//BUTTON,,,,,,,,,,,,,,,,,,,,
//SRC定義,(NULL),gr,x,y,w,h,div_x,div_y,cycle,timer,type,click,panel,plusonly,,,,,,
#SRC_BUTTON,0,0,0,0,1,1,1,1,0,0,101,1,0,2,,,,,,
//DST定義,(NULL),time,x,y,w,h,acc,a,r,g,b,blend,filter,angle,center,loop,timer,op1,op2,op3
#DST_BUTTON,0,0,1100,16,165,165,0,0,255,255,255,1,0,0,0,0,0,-27,0,0
,,,,,,,,,,,,,,,,,,,,
//BUTTON,,,,,,,,,,,,,,,,,,,,
//SRC定義,(NULL),gr,x,y,w,h,div_x,div_y,cycle,timer,type,click,panel,plusonly,,,,,,
#SRC_BUTTON,0,0,0,0,1,1,1,1,0,0,140,1,0,2,,,,,,
//DST定義,(NULL),time,x,y,w,h,acc,a,r,g,b,blend,filter,angle,center,loop,timer,op1,op2,op3
#DST_BUTTON,0,0,1100,16,165,165,0,0,255,255,255,1,0,0,0,0,0,400,-27,0
,,,,,,,,,,,,,,,,,,,,
//BUTTON,,,,,,,,,,,,,,,,,,,,
//SRC定義,(NULL),gr,x,y,w,h,div_x,div_y,cycle,timer,type,click,panel,plusonly,,,,,,
#SRC_BUTTON,0,0,0,0,1,1,1,1,0,0,141,1,0,2,,,,,,
//DST定義,(NULL),time,x,y,w,h,acc,a,r,g,b,blend,filter,angle,center,loop,timer,op1,op2,op3
#DST_BUTTON,0,0,1100,16,165,165,0,0,255,255,255,1,0,0,0,0,0,401,-27,0
,,,,,,,,,,,,,,,,,,,,
//BUTTON,,,,,,,,,,,,,,,,,,,,
//SRC定義,(NULL),gr,x,y,w,h,div_x,div_y,cycle,timer,type,click,panel,plusonly,,,,,,
#SRC_BUTTON,0,0,0,0,1,1,1,1,0,0,142,1,0,2,,,,,,
//DST定義,(NULL),time,x,y,w,h,acc,a,r,g,b,blend,filter,angle,center,loop,timer,op1,op2,op3
#DST_BUTTON,0,0,1100,16,165,165,0,0,255,255,255,1,0,0,0,0,0,402,-27,0
,,,,,,,,,,,,,,,,,,,,
//ONMOUSE,,,,,,,,,,,,,,,,,,,,
//TESTPLAY LABEL,,,,,,,,,,,,,,,,,,,,
//SRC定義,(NULL),gr,x,y,w,h,div_x,div_y,cycle,timer,panel,x2,y2,w2,h2,,,,,
#SRC_ONMOUSE,0,4,541,512,71,55,1,1,0,0,0,0,0,71,55,,,,,
//DST定義,(NULL),time,x,y,w,h,acc,a,r,g,b,blend,filter,angle,center,loop,timer,op1,op2,op3
#DST_ONMOUSE,0,0,1154,65,71,55,0,128,255,255,255,2,0,0,0,0,0,-27,0,0
,,,,,,,,,,,,,,,,,,,,
//END TEST (X+93),,,,,,,,,,,,,,,,,,,,
//TESTPLAY LABEL,,,,,,,,,,,,,,,,,,,,
//SRC定義,(NULL),gr,x,y,w,h,div_x,div_y,cycle,timer,op1,op2,op3,,,,,,,
#SRC_IMAGE,0,4,634,512,71,55,1,1,0,0,0,0,0,,,,,,,
//DST定義,(NULL),time,x,y,w,h,acc,a,r,g,b,blend,filter,angle,center,loop,timer,op1,op2,op3
#DST_IMAGE,0,1000,1154,65,71,55,0,255,255,255,255,1,0,0,0,1000,0,27,0,0
,,,,,,,,,,,,,,,,,,,,
,,,,,,,,,,,,,,,,,,,,
,,,,,,,,,,,,,,,,,,,,
//ONMOUSE,,,,,,,,,,,,,,,,,,,,
//TESTPLAY LABEL,,,,,,,,,,,,,,,,,,,,
//SRC定義,(NULL),gr,x,y,w,h,div_x,div_y,cycle,timer,panel,x2,y2,w2,h2,,,,,
#SRC_ONMOUSE,0,4,634,512,71,55,1,1,0,0,0,0,0,71,55,,,,,
//DST定義,(NULL),time,x,y,w,h,acc,a,r,g,b,blend,filter,angle,center,loop,timer,op1,op2,op3
#DST_ONMOUSE,0,0,1154,65,71,55,0,128,255,255,255,2,0,0,0,0,0,27,0,0
,,,,,,,,,,,,,,,,,,,,
,,,,,,,,,,,,,,,,,,,,
//7KEYS LANES ON,,,,,,,,,,,,,,,,,,,,
//LEFT,,,,,,,,,,,,,,,,,,,,
//SRC定義,(NULL),gr,x,y,w,h,div_x,div_y,cycle,timer,,,,,,,,,,
#SRC_IMAGE,0,4,0,0,338,454,1,1,0,0,,,,,,,,,,
//DST定義,(NULL),time,x,y,w,h,acc,a,r,g,b,blend,filter,angle,center,loop,timer,op1,op2,op3
#DST_IMAGE,0,0,302,172,338,454,0,0,255,255,255,1,0,0,0,500,27,400,27,0
#DST_IMAGE,0,500,302,172,338,454,0,255,255,255,255,1,0,0,0,,,,,
,,,,,,,,,,,,,,,,,,,,
//RIGHT,,,,,,,,,,,,,,,,,,,,
//SRC定義,(NULL),gr,x,y,w,h,div_x,div_y,cycle,timer,,,,,,,,,,
#SRC_IMAGE,0,4,334,0,338,454,1,1,0,0,,,,,,,,,,
//DST定義,(NULL),time,x,y,w,h,acc,a,r,g,b,blend,filter,angle,center,loop,timer,op1,op2,op3
#DST_IMAGE,0,0,636,172,338,454,0,0,255,255,255,1,0,0,0,500,27,400,27,0
#DST_IMAGE,0,500,636,172,338,454,0,255,255,255,255,1,0,0,0,,,,,
,,,,,,,,,,,,,,,,,,,,
//7KEYS LANES OFF,,,,,,,,,,,,,,,,,,,,
//LEFT,,,,,,,,,,,,,,,,,,,,
//SRC定義,(NULL),gr,x,y,w,h,div_x,div_y,cycle,timer,,,,,,,,,,
#SRC_IMAGE,0,4,0,0,338,454,1,1,0,0,,,,,,,,,,
//DST定義,(NULL),time,x,y,w,h,acc,a,r,g,b,blend,filter,angle,center,loop,timer,op1,op2,op3
#DST_IMAGE,0,0,302,172,338,454,0,255,255,255,255,1,0,0,0,-1,37,400,27,0
#DST_IMAGE,0,500,302,172,338,454,0,0,255,255,255,1,0,0,0,,,,,
,,,,,,,,,,,,,,,,,,,,
//RIGHT,,,,,,,,,,,,,,,,,,,,
//SRC定義,(NULL),gr,x,y,w,h,div_x,div_y,cycle,timer,,,,,,,,,,
#SRC_IMAGE,0,4,334,0,338,454,1,1,0,0,,,,,,,,,,
//DST定義,(NULL),time,x,y,w,h,acc,a,r,g,b,blend,filter,angle,center,loop,timer,op1,op2,op3
#DST_IMAGE,0,0,636,172,338,454,0,255,255,255,255,1,0,0,0,-1,37,400,27,0
#DST_IMAGE,0,500,636,172,338,454,0,0,255,255,255,1,0,0,0,,,,,
,,,,,,,,,,,,,,,,,,,,
//7 LASERS/////////////////////////////////////////////////////////////////////////////////////////,,,,,,,,,,,,,,,,,,,,
,,,,,,,,,,,,,,,,,,,,
//1Pレーザーオン(timer100-),,,,,,,,,,,,,,,,,,,,
//キーボード皿,,,,,,,,,,,,,,,,,,,,
//SRC定義,(NULL),gr,x,y,w,h,div_x,div_y,cycle,timer,op1,op2,op3,,,,,,,
#SRC_IMAGE,0,4,550,700,60,482,1,1,0,100,0,0,0,,,,,,,
//DST定義,(NULL),time,x,y,w,h,acc,a,r,g,b,blend,filter,angle,center,loop,timer,op1,op2,op3
#DST_IMAGE,0,0,336,641,60,-482,0,255,255,255,255,1,0,0,0,20,100,400,27,0
#DST_IMAGE,0,20,336,641,60,-482,0,255,255,255,255,1,0,0,0,,,,,
,,,,,,,,,,,,,,,,,,,,
,,,,,,,,,,,,,,,,,,,,
//1,,,,,,,,,,,,,,,,,,,,
//SRC定義,(NULL),gr,x,y,w,h,div_x,div_y,cycle,timer,op1,op2,op3,,,,,,,
#SRC_IMAGE,0,4,611,700,34,482,1,1,0,101,0,0,0,,,,,,,
//DST定義,(NULL),time,x,y,w,h,acc,a,r,g,b,blend,filter,angle,center,loop,timer,op1,op2,op3
#DST_IMAGE,0,0,398,641,34,-482,0,255,255,255,255,1,0,0,0,20,101,400,27,0
#DST_IMAGE,0,20,398,641,34,-482,0,255,255,255,255,1,0,0,0,,,,,
,,,,,,,,,,,,,,,,,,,,
//2,,,,,,,,,,,,,,,,,,,,
//SRC定義,(NULL),gr,x,y,w,h,div_x,div_y,cycle,timer,op1,op2,op3,,,,,,,
#SRC_IMAGE,0,4,646,700,26,482,1,1,0,102,0,0,0,,,,,,,
//DST定義,(NULL),time,x,y,w,h,acc,a,r,g,b,blend,filter,angle,center,loop,timer,op1,op2,op3
#DST_IMAGE,0,0,434,641,26,-482,0,255,255,255,255,1,0,0,0,20,102,400,27,0
#DST_IMAGE,0,20,434,641,26,-482,0,255,255,255,255,1,0,0,0,,,,,
,,,,,,,,,,,,,,,,,,,,
//3,,,,,,,,,,,,,,,,,,,,
//SRC定義,(NULL),gr,x,y,w,h,div_x,div_y,cycle,timer,op1,op2,op3,,,,,,,
#SRC_IMAGE,0,4,673,700,34,482,1,1,0,103,0,0,0,,,,,,,
//DST定義,(NULL),time,x,y,w,h,acc,a,r,g,b,blend,filter,angle,center,loop,timer,op1,op2,op3
#DST_IMAGE,0,0,462,641,34,-482,0,255,255,255,255,1,0,0,0,20,103,400,27,0
#DST_IMAGE,0,20,462,641,34,-482,0,255,255,255,255,1,0,0,0,,,,,
,,,,,,,,,,,,,,,,,,,,
//4,,,,,,,,,,,,,,,,,,,,
//SRC定義,(NULL),gr,x,y,w,h,div_x,div_y,cycle,timer,op1,op2,op3,,,,,,,
#SRC_IMAGE,0,4,708,700,26,482,1,1,0,104,0,0,0,,,,,,,
//DST定義,(NULL),time,x,y,w,h,acc,a,r,g,b,blend,filter,angle,center,loop,timer,op1,op2,op3
#DST_IMAGE,0,0,498,641,26,-482,0,255,255,255,255,1,0,0,0,20,104,400,27,0
#DST_IMAGE,0,20,498,641,26,-482,0,255,255,255,255,1,0,0,0,,,,,
,,,,,,,,,,,,,,,,,,,,
//5,,,,,,,,,,,,,,,,,,,,
//SRC定義,(NULL),gr,x,y,w,h,div_x,div_y,cycle,timer,op1,op2,op3,,,,,,,
#SRC_IMAGE,0,4,735,700,34,482,1,1,0,105,0,0,0,,,,,,,
//DST定義,(NULL),time,x,y,w,h,acc,a,r,g,b,blend,filter,angle,center,loop,timer,op1,op2,op3
#DST_IMAGE,0,0,526,641,34,-482,0,255,255,255,255,1,0,0,0,20,105,400,27,0
#DST_IMAGE,0,20,526,641,34,-482,0,255,255,255,255,1,0,0,0,,,,,
,,,,,,,,,,,,,,,,,,,,
//6,,,,,,,,,,,,,,,,,,,,
//SRC定義,(NULL),gr,x,y,w,h,div_x,div_y,cycle,timer,op1,op2,op3,,,,,,,
#SRC_IMAGE,0,4,770,700,26,482,1,1,0,106,0,0,0,,,,,,,
//DST定義,(NULL),time,x,y,w,h,acc,a,r,g,b,blend,filter,angle,center,loop,timer,op1,op2,op3
#DST_IMAGE,0,0,562,641,26,-482,0,255,255,255,255,1,0,0,0,20,106,400,27,0
#DST_IMAGE,0,20,562,641,26,-482,0,255,255,255,255,1,0,0,0,,,,,
,,,,,,,,,,,,,,,,,,,,
//7,,,,,,,,,,,,,,,,,,,,
//SRC定義,(NULL),gr,x,y,w,h,div_x,div_y,cycle,timer,op1,op2,op3,,,,,,,
#SRC_IMAGE,0,4,797,700,34,482,1,1,0,107,0,0,0,,,,,,,
//DST定義,(NULL),time,x,y,w,h,acc,a,r,g,b,blend,filter,angle,center,loop,timer,op1,op2,op3
#DST_IMAGE,0,0,590,641,34,-482,0,255,255,255,255,1,0,0,0,20,107,400,27,0
#DST_IMAGE,0,20,590,641,34,-482,0,255,255,255,255,1,0,0,0,,,,,
,,,,,,,,,,,,,,,,,,,,
//1Pレーザーオフ(timer120),,,,,,,,,,,,,,,,,,,,
,,,,,,,,,,,,,,,,,,,,
,,,,,,,,,,,,,,,,,,,,
//キーボード皿,,,,,,,,,,,,,,,,,,,,
//SRC定義,(NULL),gr,x,y,w,h,div_x,div_y,cycle,timer,op1,op2,op3,,,,,,,
#SRC_IMAGE,0,4,550,700,60,482,1,1,0,120,0,0,0,,,,,,,
//DST定義,(NULL),time,x,y,w,h,acc,a,r,g,b,blend,filter,angle,center,loop,timer,op1,op2,op3
#DST_IMAGE,0,0,336,641,60,-482,0,255,255,255,255,1,0,0,0,-1,120,400,27,0
#DST_IMAGE,0,60,366,641,0,-482,0,0,255,255,255,1,0,0,0,,,,,
,,,,,,,,,,,,,,,,,,,,
,,,,,,,,,,,,,,,,,,,,
//1,,,,,,,,,,,,,,,,,,,,
//SRC定義,(NULL),gr,x,y,w,h,div_x,div_y,cycle,timer,op1,op2,op3,,,,,,,
#SRC_IMAGE,0,4,611,700,34,482,1,1,0,121,0,0,0,,,,,,,
//DST定義,(NULL),time,x,y,w,h,acc,a,r,g,b,blend,filter,angle,center,loop,timer,op1,op2,op3
#DST_IMAGE,0,0,398,641,34,-482,0,255,255,255,255,1,0,0,0,-1,121,400,27,0
#DST_IMAGE,0,60,414,641,0,-482,0,0,255,255,255,1,0,0,0,,,,,
,,,,,,,,,,,,,,,,,,,,
//2,,,,,,,,,,,,,,,,,,,,
//SRC定義,(NULL),gr,x,y,w,h,div_x,div_y,cycle,timer,op1,op2,op3,,,,,,,
#SRC_IMAGE,0,4,646,700,26,482,1,1,0,122,0,0,0,,,,,,,
//DST定義,(NULL),time,x,y,w,h,acc,a,r,g,b,blend,filter,angle,center,loop,timer,op1,op2,op3
#DST_IMAGE,0,0,434,641,26,-482,0,255,255,255,255,1,0,0,0,-1,122,400,27,0
#DST_IMAGE,0,60,448,641,0,-482,0,0,255,255,255,1,0,0,0,,,,,
,,,,,,,,,,,,,,,,,,,,
//3,,,,,,,,,,,,,,,,,,,,
//SRC定義,(NULL),gr,x,y,w,h,div_x,div_y,cycle,timer,op1,op2,op3,,,,,,,
#SRC_IMAGE,0,4,673,700,34,482,1,1,0,123,0,0,0,,,,,,,
//DST定義,(NULL),time,x,y,w,h,acc,a,r,g,b,blend,filter,angle,center,loop,timer,op1,op2,op3
#DST_IMAGE,0,0,462,641,34,-482,0,255,255,255,255,1,0,0,0,-1,123,400,27,0
#DST_IMAGE,0,60,478,641,0,-482,0,0,255,255,255,1,0,0,0,,,,,
,,,,,,,,,,,,,,,,,,,,
//4,,,,,,,,,,,,,,,,,,,,
//SRC定義,(NULL),gr,x,y,w,h,div_x,div_y,cycle,timer,op1,op2,op3,,,,,,,
#SRC_IMAGE,0,4,708,700,26,482,1,1,0,124,0,0,0,,,,,,,
//DST定義,(NULL),time,x,y,w,h,acc,a,r,g,b,blend,filter,angle,center,loop,timer,op1,op2,op3
#DST_IMAGE,0,0,498,641,26,-482,0,255,255,255,255,1,0,0,0,-1,124,400,27,0
#DST_IMAGE,0,60,512,641,0,-482,0,0,255,255,255,1,0,0,0,,,,,
,,,,,,,,,,,,,,,,,,,,
//5,,,,,,,,,,,,,,,,,,,,
//SRC定義,(NULL),gr,x,y,w,h,div_x,div_y,cycle,timer,op1,op2,op3,,,,,,,
#SRC_IMAGE,0,4,735,700,34,482,1,1,0,125,0,0,0,,,,,,,
//DST定義,(NULL),time,x,y,w,h,acc,a,r,g,b,blend,filter,angle,center,loop,timer,op1,op2,op3
#DST_IMAGE,0,0,526,641,34,-482,0,255,255,255,255,1,0,0,0,-1,125,400,27,0
#DST_IMAGE,0,60,542,641,0,-482,0,0,255,255,255,1,0,0,0,,,,,
,,,,,,,,,,,,,,,,,,,,
//6,,,,,,,,,,,,,,,,,,,,
//SRC定義,(NULL),gr,x,y,w,h,div_x,div_y,cycle,timer,op1,op2,op3,,,,,,,
#SRC_IMAGE,0,4,770,700,26,482,1,1,0,126,0,0,0,,,,,,,
//DST定義,(NULL),time,x,y,w,h,acc,a,r,g,b,blend,filter,angle,center,loop,timer,op1,op2,op3
#DST_IMAGE,0,0,562,641,26,-482,0,255,255,255,255,1,0,0,0,-1,126,400,27,0
#DST_IMAGE,0,60,576,641,0,-482,0,0,255,255,255,1,0,0,0,,,,,
,,,,,,,,,,,,,,,,,,,,
//7,,,,,,,,,,,,,,,,,,,,
//SRC定義,(NULL),gr,x,y,w,h,div_x,div_y,cycle,timer,op1,op2,op3,,,,,,,
#SRC_IMAGE,0,4,797,700,34,482,1,1,0,127,0,0,0,,,,,,,
//DST定義,(NULL),time,x,y,w,h,acc,a,r,g,b,blend,filter,angle,center,loop,timer,op1,op2,op3
#DST_IMAGE,0,0,590,641,34,-482,0,255,255,255,255,1,0,0,0,-1,127,400,27,0
#DST_IMAGE,0,60,606,641,0,-482,0,0,255,255,255,1,0,0,0,,,,,
,,,,,,,,,,,,,,,,,,,,
//2Pレーザーオン(timer100-),,,,,,,,,,,,,,,,,,,,
,,,,,,,,,,,,,,,,,,,,
,,,,,,,,,,,,,,,,,,,,
//キーボード皿,,,,,,,,,,,,,,,,,,,,
//SRC定義,(NULL),gr,x,y,w,h,div_x,div_y,cycle,timer,op1,op2,op3,,,,,,,
#SRC_IMAGE,0,4,550,700,60,482,1,1,0,110,0,0,0,,,,,,,
//DST定義,(NULL),time,x,y,w,h,acc,a,r,g,b,blend,filter,angle,center,loop,timer,op1,op2,op3
#DST_IMAGE,0,0,880,641,60,-482,0,255,255,255,255,1,0,0,0,20,110,400,27,0
#DST_IMAGE,0,20,880,641,60,-482,0,255,255,255,255,1,0,0,0,,,,,
,,,,,,,,,,,,,,,,,,,,
,,,,,,,,,,,,,,,,,,,,
//1,,,,,,,,,,,,,,,,,,,,
//SRC定義,(NULL),gr,x,y,w,h,div_x,div_y,cycle,timer,op1,op2,op3,,,,,,,
#SRC_IMAGE,0,4,611,700,34,482,1,1,0,111,0,0,0,,,,,,,
//DST定義,(NULL),time,x,y,w,h,acc,a,r,g,b,blend,filter,angle,center,loop,timer,op1,op2,op3
#DST_IMAGE,0,0,652,641,34,-482,0,255,255,255,255,1,0,0,0,20,111,400,27,0
#DST_IMAGE,0,20,652,641,34,-482,0,255,255,255,255,1,0,0,0,,,,,
,,,,,,,,,,,,,,,,,,,,
//2,,,,,,,,,,,,,,,,,,,,
//SRC定義,(NULL),gr,x,y,w,h,div_x,div_y,cycle,timer,op1,op2,op3,,,,,,,
#SRC_IMAGE,0,4,646,700,26,482,1,1,0,112,0,0,0,,,,,,,
//DST定義,(NULL),time,x,y,w,h,acc,a,r,g,b,blend,filter,angle,center,loop,timer,op1,op2,op3
#DST_IMAGE,0,0,688,641,26,-482,0,255,255,255,255,1,0,0,0,20,112,400,27,0
#DST_IMAGE,0,20,688,641,26,-482,0,255,255,255,255,1,0,0,0,,,,,
,,,,,,,,,,,,,,,,,,,,
//3,,,,,,,,,,,,,,,,,,,,
//SRC定義,(NULL),gr,x,y,w,h,div_x,div_y,cycle,timer,op1,op2,op3,,,,,,,
#SRC_IMAGE,0,4,673,700,34,482,1,1,0,113,0,0,0,,,,,,,
//DST定義,(NULL),time,x,y,w,h,acc,a,r,g,b,blend,filter,angle,center,loop,timer,op1,op2,op3
#DST_IMAGE,0,0,716,641,34,-482,0,255,255,255,255,1,0,0,0,20,113,400,27,0
#DST_IMAGE,0,20,716,641,34,-482,0,255,255,255,255,1,0,0,0,,,,,
,,,,,,,,,,,,,,,,,,,,
//4,,,,,,,,,,,,,,,,,,,,
//SRC定義,(NULL),gr,x,y,w,h,div_x,div_y,cycle,timer,op1,op2,op3,,,,,,,
#SRC_IMAGE,0,4,708,700,26,482,1,1,0,114,0,0,0,,,,,,,
//DST定義,(NULL),time,x,y,w,h,acc,a,r,g,b,blend,filter,angle,center,loop,timer,op1,op2,op3
#DST_IMAGE,0,0,752,641,26,-482,0,255,255,255,255,1,0,0,0,20,114,400,27,0
#DST_IMAGE,0,20,752,641,26,-482,0,255,255,255,255,1,0,0,0,,,,,
,,,,,,,,,,,,,,,,,,,,
//5,,,,,,,,,,,,,,,,,,,,
//SRC定義,(NULL),gr,x,y,w,h,div_x,div_y,cycle,timer,op1,op2,op3,,,,,,,
#SRC_IMAGE,0,4,735,700,34,482,1,1,0,115,0,0,0,,,,,,,
//DST定義,(NULL),time,x,y,w,h,acc,a,r,g,b,blend,filter,angle,center,loop,timer,op1,op2,op3
#DST_IMAGE,0,0,780,641,34,-482,0,255,255,255,255,1,0,0,0,20,115,400,27,0
#DST_IMAGE,0,20,780,641,34,-482,0,255,255,255,255,1,0,0,0,,,,,
,,,,,,,,,,,,,,,,,,,,
//6,,,,,,,,,,,,,,,,,,,,
//SRC定義,(NULL),gr,x,y,w,h,div_x,div_y,cycle,timer,op1,op2,op3,,,,,,,
#SRC_IMAGE,0,4,770,700,26,482,1,1,0,116,0,0,0,,,,,,,
//DST定義,(NULL),time,x,y,w,h,acc,a,r,g,b,blend,filter,angle,center,loop,timer,op1,op2,op3
#DST_IMAGE,0,0,816,641,26,-482,0,255,255,255,255,1,0,0,0,20,116,400,27,0
#DST_IMAGE,0,20,816,641,26,-482,0,255,255,255,255,1,0,0,0,,,,,
,,,,,,,,,,,,,,,,,,,,
//7,,,,,,,,,,,,,,,,,,,,
//SRC定義,(NULL),gr,x,y,w,h,div_x,div_y,cycle,timer,op1,op2,op3,,,,,,,
#SRC_IMAGE,0,4,797,700,34,482,1,1,0,117,0,0,0,,,,,,,
//DST定義,(NULL),time,x,y,w,h,acc,a,r,g,b,blend,filter,angle,center,loop,timer,op1,op2,op3
#DST_IMAGE,0,0,844,641,34,-482,0,255,255,255,255,1,0,0,0,20,117,400,27,0
#DST_IMAGE,0,20,844,641,34,-482,0,255,255,255,255,1,0,0,0,,,,,
,,,,,,,,,,,,,,,,,,,,
//1Pレーザーオフ(timer120),,,,,,,,,,,,,,,,,,,,
,,,,,,,,,,,,,,,,,,,,
,,,,,,,,,,,,,,,,,,,,
//キーボード皿,,,,,,,,,,,,,,,,,,,,
//SRC定義,(NULL),gr,x,y,w,h,div_x,div_y,cycle,timer,op1,op2,op3,,,,,,,
#SRC_IMAGE,0,4,550,700,60,482,1,1,0,130,0,0,0,,,,,,,
//DST定義,(NULL),time,x,y,w,h,acc,a,r,g,b,blend,filter,angle,center,loop,timer,op1,op2,op3
#DST_IMAGE,0,0,880,641,60,-482,0,255,255,255,255,1,0,0,0,-1,130,400,27,0
#DST_IMAGE,0,60,910,641,0,-482,0,0,255,255,255,1,0,0,0,,,,,
,,,,,,,,,,,,,,,,,,,,
,,,,,,,,,,,,,,,,,,,,
//1,,,,,,,,,,,,,,,,,,,,
//SRC定義,(NULL),gr,x,y,w,h,div_x,div_y,cycle,timer,op1,op2,op3,,,,,,,
#SRC_IMAGE,0,4,611,700,34,482,1,1,0,131,0,0,0,,,,,,,
//DST定義,(NULL),time,x,y,w,h,acc,a,r,g,b,blend,filter,angle,center,loop,timer,op1,op2,op3
#DST_IMAGE,0,0,652,641,34,-482,0,255,255,255,255,1,0,0,0,-1,131,400,27,0
#DST_IMAGE,0,60,668,641,0,-482,0,0,255,255,255,1,0,0,0,,,,,
,,,,,,,,,,,,,,,,,,,,
//2,,,,,,,,,,,,,,,,,,,,
//SRC定義,(NULL),gr,x,y,w,h,div_x,div_y,cycle,timer,op1,op2,op3,,,,,,,
#SRC_IMAGE,0,4,646,700,26,482,1,1,0,132,0,0,0,,,,,,,
//DST定義,(NULL),time,x,y,w,h,acc,a,r,g,b,blend,filter,angle,center,loop,timer,op1,op2,op3
#DST_IMAGE,0,0,688,641,26,-482,0,255,255,255,255,1,0,0,0,-1,132,400,27,0
#DST_IMAGE,0,60,702,641,0,-482,0,0,255,255,255,1,0,0,0,,,,,
,,,,,,,,,,,,,,,,,,,,
//3,,,,,,,,,,,,,,,,,,,,
//SRC定義,(NULL),gr,x,y,w,h,div_x,div_y,cycle,timer,op1,op2,op3,,,,,,,
#SRC_IMAGE,0,4,673,700,34,482,1,1,0,133,0,0,0,,,,,,,
//DST定義,(NULL),time,x,y,w,h,acc,a,r,g,b,blend,filter,angle,center,loop,timer,op1,op2,op3
#DST_IMAGE,0,0,716,641,34,-482,0,255,255,255,255,1,0,0,0,-1,133,400,27,0
#DST_IMAGE,0,60,732,641,0,-482,0,0,255,255,255,1,0,0,0,,,,,
,,,,,,,,,,,,,,,,,,,,
//4,,,,,,,,,,,,,,,,,,,,
//SRC定義,(NULL),gr,x,y,w,h,div_x,div_y,cycle,timer,op1,op2,op3,,,,,,,
#SRC_IMAGE,0,4,708,700,26,482,1,1,0,134,0,0,0,,,,,,,
//DST定義,(NULL),time,x,y,w,h,acc,a,r,g,b,blend,filter,angle,center,loop,timer,op1,op2,op3
#DST_IMAGE,0,0,752,641,26,-482,0,255,255,255,255,1,0,0,0,-1,134,400,27,0
#DST_IMAGE,0,60,766,641,0,-482,0,0,255,255,255,1,0,0,0,,,,,
,,,,,,,,,,,,,,,,,,,,
//5,,,,,,,,,,,,,,,,,,,,
//SRC定義,(NULL),gr,x,y,w,h,div_x,div_y,cycle,timer,op1,op2,op3,,,,,,,
#SRC_IMAGE,0,4,735,700,34,482,1,1,0,135,0,0,0,,,,,,,
//DST定義,(NULL),time,x,y,w,h,acc,a,r,g,b,blend,filter,angle,center,loop,timer,op1,op2,op3
#DST_IMAGE,0,0,780,641,34,-482,0,255,255,255,255,1,0,0,0,-1,135,400,27,0
#DST_IMAGE,0,60,796,641,0,-482,0,0,255,255,255,1,0,0,0,,,,,
,,,,,,,,,,,,,,,,,,,,
//6,,,,,,,,,,,,,,,,,,,,
//SRC定義,(NULL),gr,x,y,w,h,div_x,div_y,cycle,timer,op1,op2,op3,,,,,,,
#SRC_IMAGE,0,4,770,700,26,482,1,1,0,136,0,0,0,,,,,,,
//DST定義,(NULL),time,x,y,w,h,acc,a,r,g,b,blend,filter,angle,center,loop,timer,op1,op2,op3
#DST_IMAGE,0,0,816,641,26,-482,0,255,255,255,255,1,0,0,0,-1,136,400,27,0
#DST_IMAGE,0,60,830,641,0,-482,0,0,255,255,255,1,0,0,0,,,,,
,,,,,,,,,,,,,,,,,,,,
//7,,,,,,,,,,,,,,,,,,,,
//SRC定義,(NULL),gr,x,y,w,h,div_x,div_y,cycle,timer,op1,op2,op3,,,,,,,
#SRC_IMAGE,0,4,797,700,34,482,1,1,0,137,0,0,0,,,,,,,
//DST定義,(NULL),time,x,y,w,h,acc,a,r,g,b,blend,filter,angle,center,loop,timer,op1,op2,op3
#DST_IMAGE,0,0,844,641,34,-482,0,255,255,255,255,1,0,0,0,-1,137,400,27,0
#DST_IMAGE,0,60,860,641,0,-482,0,0,255,255,255,1,0,0,0,,,,,
,,,,,,,,,,,,,,,,,,,,
//LIGHTS,,,,,,,,,,,,,,,,,,,,
//SRC定義,(NULL),gr,x,y,w,h,div_x,div_y,cycle,timer,op1,op2,op3,,,,,,,
#SRC_IMAGE,0,4,850,0,50,69,1,1,0,101,0,0,0,,,,,,,
//DST定義,(NULL),time,x,y,w,h,acc,a,r,g,b,blend,filter,angle,center,loop,timer,op1,op2,op3
#DST_IMAGE,0,0,391,531,50,69,0,255,255,255,255,2,0,0,0,0,101,400,27,0
,,,,,,,,,,,,,,,,,,,,
//SRC定義,(NULL),gr,x,y,w,h,div_x,div_y,cycle,timer,op1,op2,op3,,,,,,,
#SRC_IMAGE,0,4,900,0,42,62,1,1,0,102,0,0,0,,,,,,,
//DST定義,(NULL),time,x,y,w,h,acc,a,r,g,b,blend,filter,angle,center,loop,timer,op1,op2,op3
#DST_IMAGE,0,0,427,526,42,62,0,255,255,255,255,2,0,0,0,0,102,400,27,0
,,,,,,,,,,,,,,,,,,,,
//SRC定義,(NULL),gr,x,y,w,h,div_x,div_y,cycle,timer,op1,op2,op3,,,,,,,
#SRC_IMAGE,0,4,942,0,50,69,1,1,0,103,0,0,0,,,,,,,
//DST定義,(NULL),time,x,y,w,h,acc,a,r,g,b,blend,filter,angle,center,loop,timer,op1,op2,op3
#DST_IMAGE,0,0,455,531,50,69,0,255,255,255,255,2,0,0,0,0,103,400,27,0
,,,,,,,,,,,,,,,,,,,,
//SRC定義,(NULL),gr,x,y,w,h,div_x,div_y,cycle,timer,op1,op2,op3,,,,,,,
#SRC_IMAGE,0,4,992,0,42,62,1,1,0,104,0,0,0,,,,,,,
//DST定義,(NULL),time,x,y,w,h,acc,a,r,g,b,blend,filter,angle,center,loop,timer,op1,op2,op3
#DST_IMAGE,0,0,491,526,42,62,0,255,255,255,255,2,0,0,0,0,104,400,27,0
,,,,,,,,,,,,,,,,,,,,
//SRC定義,(NULL),gr,x,y,w,h,div_x,div_y,cycle,timer,op1,op2,op3,,,,,,,
#SRC_IMAGE,0,4,1034,0,50,69,1,1,0,105,0,0,0,,,,,,,
//DST定義,(NULL),time,x,y,w,h,acc,a,r,g,b,blend,filter,angle,center,loop,timer,op1,op2,op3
#DST_IMAGE,0,0,519,531,50,69,0,255,255,255,255,2,0,0,0,0,105,400,27,0
,,,,,,,,,,,,,,,,,,,,
//SRC定義,(NULL),gr,x,y,w,h,div_x,div_y,cycle,timer,op1,op2,op3,,,,,,,
#SRC_IMAGE,0,4,1084,0,42,62,1,1,0,106,0,0,0,,,,,,,
//DST定義,(NULL),time,x,y,w,h,acc,a,r,g,b,blend,filter,angle,center,loop,timer,op1,op2,op3
#DST_IMAGE,0,0,555,526,42,62,0,255,255,255,255,2,0,0,0,0,106,400,27,0
,,,,,,,,,,,,,,,,,,,,
//SRC定義,(NULL),gr,x,y,w,h,div_x,div_y,cycle,timer,op1,op2,op3,,,,,,,
#SRC_IMAGE,0,4,1126,0,50,69,1,1,0,107,0,0,0,,,,,,,
//DST定義,(NULL),time,x,y,w,h,acc,a,r,g,b,blend,filter,angle,center,loop,timer,op1,op2,op3
#DST_IMAGE,0,0,583,529,50,69,0,255,255,255,255,2,0,0,0,0,107,400,27,0
,,,,,,,,,,,,,,,,,,,,
2p,,,,,,,,,,,,,,,,,,,,
//SRC定義,(NULL),gr,x,y,w,h,div_x,div_y,cycle,timer,op1,op2,op3,,,,,,,
#SRC_IMAGE,0,4,850,0,50,69,1,1,0,111,0,0,0,,,,,,,
//DST定義,(NULL),time,x,y,w,h,acc,a,r,g,b,blend,filter,angle,center,loop,timer,op1,op2,op3
#DST_IMAGE,0,0,645,531,50,69,0,255,255,255,255,2,0,0,0,0,111,400,27,0
,,,,,,,,,,,,,,,,,,,,
//SRC定義,(NULL),gr,x,y,w,h,div_x,div_y,cycle,timer,op1,op2,op3,,,,,,,
#SRC_IMAGE,0,4,900,0,42,62,1,1,0,112,0,0,0,,,,,,,
//DST定義,(NULL),time,x,y,w,h,acc,a,r,g,b,blend,filter,angle,center,loop,timer,op1,op2,op3
#DST_IMAGE,0,0,681,526,42,62,0,255,255,255,255,2,0,0,0,0,112,400,27,0
,,,,,,,,,,,,,,,,,,,,
//SRC定義,(NULL),gr,x,y,w,h,div_x,div_y,cycle,timer,op1,op2,op3,,,,,,,
#SRC_IMAGE,0,4,942,0,50,69,1,1,0,113,0,0,0,,,,,,,
//DST定義,(NULL),time,x,y,w,h,acc,a,r,g,b,blend,filter,angle,center,loop,timer,op1,op2,op3
#DST_IMAGE,0,0,709,531,50,69,0,255,255,255,255,2,0,0,0,0,113,400,27,0
,,,,,,,,,,,,,,,,,,,,
//SRC定義,(NULL),gr,x,y,w,h,div_x,div_y,cycle,timer,op1,op2,op3,,,,,,,
#SRC_IMAGE,0,4,992,0,42,62,1,1,0,114,0,0,0,,,,,,,
//DST定義,(NULL),time,x,y,w,h,acc,a,r,g,b,blend,filter,angle,center,loop,timer,op1,op2,op3
#DST_IMAGE,0,0,745,526,42,62,0,255,255,255,255,2,0,0,0,0,114,400,27,0
,,,,,,,,,,,,,,,,,,,,
//SRC定義,(NULL),gr,x,y,w,h,div_x,div_y,cycle,timer,op1,op2,op3,,,,,,,
#SRC_IMAGE,0,4,1034,0,50,69,1,1,0,115,0,0,0,,,,,,,
//DST定義,(NULL),time,x,y,w,h,acc,a,r,g,b,blend,filter,angle,center,loop,timer,op1,op2,op3
#DST_IMAGE,0,0,773,531,50,69,0,255,255,255,255,2,0,0,0,0,115,400,27,0
,,,,,,,,,,,,,,,,,,,,
//SRC定義,(NULL),gr,x,y,w,h,div_x,div_y,cycle,timer,op1,op2,op3,,,,,,,
#SRC_IMAGE,0,4,1084,0,42,62,1,1,0,116,0,0,0,,,,,,,
//DST定義,(NULL),time,x,y,w,h,acc,a,r,g,b,blend,filter,angle,center,loop,timer,op1,op2,op3
#DST_IMAGE,0,0,809,526,42,62,0,255,255,255,255,2,0,0,0,0,116,400,27,0
,,,,,,,,,,,,,,,,,,,,
//SRC定義,(NULL),gr,x,y,w,h,div_x,div_y,cycle,timer,op1,op2,op3,,,,,,,
#SRC_IMAGE,0,4,1126,0,50,69,1,1,0,117,0,0,0,,,,,,,
//DST定義,(NULL),time,x,y,w,h,acc,a,r,g,b,blend,filter,angle,center,loop,timer,op1,op2,op3
#DST_IMAGE,0,0,837,529,50,69,0,255,255,255,255,2,0,0,0,0,117,400,27,0
,,,,,,,,,,,,,,,,,,,,
,,,,,,,,,,,,,,,,,,,,
//5KEYS LANES ON,,,,,,,,,,,,,,,,,,,,
//LEFT,,,,,,,,,,,,,,,,,,,,
//SRC定義,(NULL),gr,x,y,w,h,div_x,div_y,cycle,timer,,,,,,,,,,
#SRC_IMAGE,0,4,0,512,274,454,1,1,0,0,,,,,,,,,,
//DST定義,(NULL),time,x,y,w,h,acc,a,r,g,b,blend,filter,angle,center,loop,timer,op1,op2,op3
#DST_IMAGE,0,0,366,172,274,454,0,0,255,255,255,1,0,0,0,500,27,402,27,0
#DST_IMAGE,0,500,366,172,274,454,0,255,255,255,255,1,0,0,0,,,,,
,,,,,,,,,,,,,,,,,,,,
//RIGHT,,,,,,,,,,,,,,,,,,,,
//SRC定義,(NULL),gr,x,y,w,h,div_x,div_y,cycle,timer,,,,,,,,,,
#SRC_IMAGE,0,4,270,512,274,454,1,1,0,0,,,,,,,,,,
//DST定義,(NULL),time,x,y,w,h,acc,a,r,g,b,blend,filter,angle,center,loop,timer,op1,op2,op3
#DST_IMAGE,0,0,636,172,274,454,0,0,255,255,255,1,0,0,0,500,27,402,27,0
#DST_IMAGE,0,500,636,172,274,454,0,255,255,255,255,1,0,0,0,,,,,
,,,,,,,,,,,,,,,,,,,,
//5KEYS LANES OFF,,,,,,,,,,,,,,,,,,,,
//LEFT,,,,,,,,,,,,,,,,,,,,
//SRC定義,(NULL),gr,x,y,w,h,div_x,div_y,cycle,timer,,,,,,,,,,
#SRC_IMAGE,0,4,0,512,274,454,1,1,0,0,,,,,,,,,,
//DST定義,(NULL),time,x,y,w,h,acc,a,r,g,b,blend,filter,angle,center,loop,timer,op1,op2,op3
#DST_IMAGE,0,0,366,172,274,454,0,255,255,255,255,1,0,0,0,-1,37,402,27,0
#DST_IMAGE,0,500,366,172,274,454,0,0,255,255,255,1,0,0,0,,,,,
,,,,,,,,,,,,,,,,,,,,
//RIGHT,,,,,,,,,,,,,,,,,,,,
//SRC定義,(NULL),gr,x,y,w,h,div_x,div_y,cycle,timer,,,,,,,,,,
#SRC_IMAGE,0,4,270,512,274,454,1,1,0,0,,,,,,,,,,
//DST定義,(NULL),time,x,y,w,h,acc,a,r,g,b,blend,filter,angle,center,loop,timer,op1,op2,op3
#DST_IMAGE,0,0,636,172,274,454,0,255,255,255,255,1,0,0,0,-1,37,402,27,0
#DST_IMAGE,0,500,636,172,274,454,0,0,255,255,255,1,0,0,0,,,,,
,,,,,,,,,,,,,,,,,,,,
//5 LASERS/////////////////////////////////////////////////////////////////////////////////////////,,,,,,,,,,,,,,,,,,,,
,,,,,,,,,,,,,,,,,,,,
//1Pレーザーオン(timer100-),,,,,,,,,,,,,,,,,,,,
//キーボード皿,,,,,,,,,,,,,,,,,,,,
//SRC定義,(NULL),gr,x,y,w,h,div_x,div_y,cycle,timer,op1,op2,op3,,,,,,,
#SRC_IMAGE,0,4,550,700,60,482,1,1,0,100,0,0,0,,,,,,,
//DST定義,(NULL),time,x,y,w,h,acc,a,r,g,b,blend,filter,angle,center,loop,timer,op1,op2,op3
#DST_IMAGE,0,0,400,641,60,-482,0,255,255,255,255,1,0,0,0,20,100,402,27,0
#DST_IMAGE,0,20,400,641,60,-482,0,255,255,255,255,1,0,0,0,,,,,
,,,,,,,,,,,,,,,,,,,,
,,,,,,,,,,,,,,,,,,,,
,,,,,,,,,,,,,,,,,,,,
//3,,,,,,,,,,,,,,,,,,,,
//SRC定義,(NULL),gr,x,y,w,h,div_x,div_y,cycle,timer,op1,op2,op3,,,,,,,
#SRC_IMAGE,0,4,673,700,34,482,1,1,0,103,0,0,0,,,,,,,
//DST定義,(NULL),time,x,y,w,h,acc,a,r,g,b,blend,filter,angle,center,loop,timer,op1,op2,op3
#DST_IMAGE,0,0,462,641,34,-482,0,255,255,255,255,1,0,0,0,20,101,402,27,0
#DST_IMAGE,0,20,462,641,34,-482,0,255,255,255,255,1,0,0,0,,,,,
,,,,,,,,,,,,,,,,,,,,
//4,,,,,,,,,,,,,,,,,,,,
//SRC定義,(NULL),gr,x,y,w,h,div_x,div_y,cycle,timer,op1,op2,op3,,,,,,,
#SRC_IMAGE,0,4,708,700,26,482,1,1,0,104,0,0,0,,,,,,,
//DST定義,(NULL),time,x,y,w,h,acc,a,r,g,b,blend,filter,angle,center,loop,timer,op1,op2,op3
#DST_IMAGE,0,0,498,641,26,-482,0,255,255,255,255,1,0,0,0,20,102,402,27,0
#DST_IMAGE,0,20,498,641,26,-482,0,255,255,255,255,1,0,0,0,,,,,
,,,,,,,,,,,,,,,,,,,,
//5,,,,,,,,,,,,,,,,,,,,
//SRC定義,(NULL),gr,x,y,w,h,div_x,div_y,cycle,timer,op1,op2,op3,,,,,,,
#SRC_IMAGE,0,4,735,700,34,482,1,1,0,105,0,0,0,,,,,,,
//DST定義,(NULL),time,x,y,w,h,acc,a,r,g,b,blend,filter,angle,center,loop,timer,op1,op2,op3
#DST_IMAGE,0,0,526,641,34,-482,0,255,255,255,255,1,0,0,0,20,103,402,27,0
#DST_IMAGE,0,20,526,641,34,-482,0,255,255,255,255,1,0,0,0,,,,,
,,,,,,,,,,,,,,,,,,,,
//6,,,,,,,,,,,,,,,,,,,,
//SRC定義,(NULL),gr,x,y,w,h,div_x,div_y,cycle,timer,op1,op2,op3,,,,,,,
#SRC_IMAGE,0,4,770,700,26,482,1,1,0,106,0,0,0,,,,,,,
//DST定義,(NULL),time,x,y,w,h,acc,a,r,g,b,blend,filter,angle,center,loop,timer,op1,op2,op3
#DST_IMAGE,0,0,562,641,26,-482,0,255,255,255,255,1,0,0,0,20,104,402,27,0
#DST_IMAGE,0,20,562,641,26,-482,0,255,255,255,255,1,0,0,0,,,,,
,,,,,,,,,,,,,,,,,,,,
//7,,,,,,,,,,,,,,,,,,,,
//SRC定義,(NULL),gr,x,y,w,h,div_x,div_y,cycle,timer,op1,op2,op3,,,,,,,
#SRC_IMAGE,0,4,797,700,34,482,1,1,0,107,0,0,0,,,,,,,
//DST定義,(NULL),time,x,y,w,h,acc,a,r,g,b,blend,filter,angle,center,loop,timer,op1,op2,op3
#DST_IMAGE,0,0,590,641,34,-482,0,255,255,255,255,1,0,0,0,20,105,402,27,0
#DST_IMAGE,0,20,590,641,34,-482,0,255,255,255,255,1,0,0,0,,,,,
,,,,,,,,,,,,,,,,,,,,
//1Pレーザーオフ(timer120),,,,,,,,,,,,,,,,,,,,
,,,,,,,,,,,,,,,,,,,,
,,,,,,,,,,,,,,,,,,,,
//キーボード皿,,,,,,,,,,,,,,,,,,,,
//SRC定義,(NULL),gr,x,y,w,h,div_x,div_y,cycle,timer,op1,op2,op3,,,,,,,
#SRC_IMAGE,0,4,550,700,60,482,1,1,0,120,0,0,0,,,,,,,
//DST定義,(NULL),time,x,y,w,h,acc,a,r,g,b,blend,filter,angle,center,loop,timer,op1,op2,op3
#DST_IMAGE,0,0,400,641,60,-482,0,255,255,255,255,1,0,0,0,-1,120,402,27,0
#DST_IMAGE,0,60,430,641,0,-482,0,0,255,255,255,1,0,0,0,,,,,
,,,,,,,,,,,,,,,,,,,,
,,,,,,,,,,,,,,,,,,,,
,,,,,,,,,,,,,,,,,,,,
//3,,,,,,,,,,,,,,,,,,,,
//SRC定義,(NULL),gr,x,y,w,h,div_x,div_y,cycle,timer,op1,op2,op3,,,,,,,
#SRC_IMAGE,0,4,673,700,34,482,1,1,0,123,0,0,0,,,,,,,
//DST定義,(NULL),time,x,y,w,h,acc,a,r,g,b,blend,filter,angle,center,loop,timer,op1,op2,op3
#DST_IMAGE,0,0,462,641,34,-482,0,255,255,255,255,1,0,0,0,-1,121,402,27,0
#DST_IMAGE,0,60,478,641,0,-482,0,0,255,255,255,1,0,0,0,,,,,
,,,,,,,,,,,,,,,,,,,,
//4,,,,,,,,,,,,,,,,,,,,
//SRC定義,(NULL),gr,x,y,w,h,div_x,div_y,cycle,timer,op1,op2,op3,,,,,,,
#SRC_IMAGE,0,4,708,700,26,482,1,1,0,124,0,0,0,,,,,,,
//DST定義,(NULL),time,x,y,w,h,acc,a,r,g,b,blend,filter,angle,center,loop,timer,op1,op2,op3
#DST_IMAGE,0,0,498,641,26,-482,0,255,255,255,255,1,0,0,0,-1,122,402,27,0
#DST_IMAGE,0,60,512,641,0,-482,0,0,255,255,255,1,0,0,0,,,,,
,,,,,,,,,,,,,,,,,,,,
//5,,,,,,,,,,,,,,,,,,,,
//SRC定義,(NULL),gr,x,y,w,h,div_x,div_y,cycle,timer,op1,op2,op3,,,,,,,
#SRC_IMAGE,0,4,735,700,34,482,1,1,0,125,0,0,0,,,,,,,
//DST定義,(NULL),time,x,y,w,h,acc,a,r,g,b,blend,filter,angle,center,loop,timer,op1,op2,op3
#DST_IMAGE,0,0,526,641,34,-482,0,255,255,255,255,1,0,0,0,-1,123,402,27,0
#DST_IMAGE,0,60,542,641,0,-482,0,0,255,255,255,1,0,0,0,,,,,
,,,,,,,,,,,,,,,,,,,,
//6,,,,,,,,,,,,,,,,,,,,
//SRC定義,(NULL),gr,x,y,w,h,div_x,div_y,cycle,timer,op1,op2,op3,,,,,,,
#SRC_IMAGE,0,4,770,700,26,482,1,1,0,126,0,0,0,,,,,,,
//DST定義,(NULL),time,x,y,w,h,acc,a,r,g,b,blend,filter,angle,center,loop,timer,op1,op2,op3
#DST_IMAGE,0,0,562,641,26,-482,0,255,255,255,255,1,0,0,0,-1,124,402,27,0
#DST_IMAGE,0,60,576,641,0,-482,0,0,255,255,255,1,0,0,0,,,,,
,,,,,,,,,,,,,,,,,,,,
//7,,,,,,,,,,,,,,,,,,,,
//SRC定義,(NULL),gr,x,y,w,h,div_x,div_y,cycle,timer,op1,op2,op3,,,,,,,
#SRC_IMAGE,0,4,797,700,34,482,1,1,0,127,0,0,0,,,,,,,
//DST定義,(NULL),time,x,y,w,h,acc,a,r,g,b,blend,filter,angle,center,loop,timer,op1,op2,op3
#DST_IMAGE,0,0,590,641,34,-482,0,255,255,255,255,1,0,0,0,-1,125,402,27,0
#DST_IMAGE,0,60,606,641,0,-482,0,0,255,255,255,1,0,0,0,,,,,
,,,,,,,,,,,,,,,,,,,,
//2Pレーザーオン(timer100-),,,,,,,,,,,,,,,,,,,,
,,,,,,,,,,,,,,,,,,,,
,,,,,,,,,,,,,,,,,,,,
//キーボード皿,,,,,,,,,,,,,,,,,,,,
//SRC定義,(NULL),gr,x,y,w,h,div_x,div_y,cycle,timer,op1,op2,op3,,,,,,,
#SRC_IMAGE,0,4,550,700,60,482,1,1,0,110,0,0,0,,,,,,,
//DST定義,(NULL),time,x,y,w,h,acc,a,r,g,b,blend,filter,angle,center,loop,timer,op1,op2,op3
#DST_IMAGE,0,0,816,641,60,-482,0,255,255,255,255,1,0,0,0,20,110,402,27,0
#DST_IMAGE,0,20,816,641,60,-482,0,255,255,255,255,1,0,0,0,,,,,
,,,,,,,,,,,,,,,,,,,,
,,,,,,,,,,,,,,,,,,,,
//1,,,,,,,,,,,,,,,,,,,,
//SRC定義,(NULL),gr,x,y,w,h,div_x,div_y,cycle,timer,op1,op2,op3,,,,,,,
#SRC_IMAGE,0,4,611,700,34,482,1,1,0,111,0,0,0,,,,,,,
//DST定義,(NULL),time,x,y,w,h,acc,a,r,g,b,blend,filter,angle,center,loop,timer,op1,op2,op3
#DST_IMAGE,0,0,652,641,34,-482,0,255,255,255,255,1,0,0,0,20,111,402,27,0
#DST_IMAGE,0,20,652,641,34,-482,0,255,255,255,255,1,0,0,0,,,,,
,,,,,,,,,,,,,,,,,,,,
//2,,,,,,,,,,,,,,,,,,,,
//SRC定義,(NULL),gr,x,y,w,h,div_x,div_y,cycle,timer,op1,op2,op3,,,,,,,
#SRC_IMAGE,0,4,646,700,26,482,1,1,0,112,0,0,0,,,,,,,
//DST定義,(NULL),time,x,y,w,h,acc,a,r,g,b,blend,filter,angle,center,loop,timer,op1,op2,op3
#DST_IMAGE,0,0,688,641,26,-482,0,255,255,255,255,1,0,0,0,20,112,402,27,0
#DST_IMAGE,0,20,688,641,26,-482,0,255,255,255,255,1,0,0,0,,,,,
,,,,,,,,,,,,,,,,,,,,
//3,,,,,,,,,,,,,,,,,,,,
//SRC定義,(NULL),gr,x,y,w,h,div_x,div_y,cycle,timer,op1,op2,op3,,,,,,,
#SRC_IMAGE,0,4,673,700,34,482,1,1,0,113,0,0,0,,,,,,,
//DST定義,(NULL),time,x,y,w,h,acc,a,r,g,b,blend,filter,angle,center,loop,timer,op1,op2,op3
#DST_IMAGE,0,0,716,641,34,-482,0,255,255,255,255,1,0,0,0,20,113,402,27,0
#DST_IMAGE,0,20,716,641,34,-482,0,255,255,255,255,1,0,0,0,,,,,
,,,,,,,,,,,,,,,,,,,,
//4,,,,,,,,,,,,,,,,,,,,
//SRC定義,(NULL),gr,x,y,w,h,div_x,div_y,cycle,timer,op1,op2,op3,,,,,,,
#SRC_IMAGE,0,4,708,700,26,482,1,1,0,114,0,0,0,,,,,,,
//DST定義,(NULL),time,x,y,w,h,acc,a,r,g,b,blend,filter,angle,center,loop,timer,op1,op2,op3
#DST_IMAGE,0,0,752,641,26,-482,0,255,255,255,255,1,0,0,0,20,114,402,27,0
#DST_IMAGE,0,20,752,641,26,-482,0,255,255,255,255,1,0,0,0,,,,,
,,,,,,,,,,,,,,,,,,,,
//5,,,,,,,,,,,,,,,,,,,,
//SRC定義,(NULL),gr,x,y,w,h,div_x,div_y,cycle,timer,op1,op2,op3,,,,,,,
#SRC_IMAGE,0,4,735,700,34,482,1,1,0,115,0,0,0,,,,,,,
//DST定義,(NULL),time,x,y,w,h,acc,a,r,g,b,blend,filter,angle,center,loop,timer,op1,op2,op3
#DST_IMAGE,0,0,780,641,34,-482,0,255,255,255,255,1,0,0,0,20,115,402,27,0
#DST_IMAGE,0,20,780,641,34,-482,0,255,255,255,255,1,0,0,0,,,,,
,,,,,,,,,,,,,,,,,,,,
//1Pレーザーオフ(timer120),,,,,,,,,,,,,,,,,,,,
,,,,,,,,,,,,,,,,,,,,
,,,,,,,,,,,,,,,,,,,,
//キーボード皿,,,,,,,,,,,,,,,,,,,,
//SRC定義,(NULL),gr,x,y,w,h,div_x,div_y,cycle,timer,op1,op2,op3,,,,,,,
#SRC_IMAGE,0,4,550,700,60,482,1,1,0,130,0,0,0,,,,,,,
//DST定義,(NULL),time,x,y,w,h,acc,a,r,g,b,blend,filter,angle,center,loop,timer,op1,op2,op3
#DST_IMAGE,0,0,816,641,60,-482,0,255,255,255,255,1,0,0,0,-1,130,402,27,0
#DST_IMAGE,0,60,846,641,0,-482,0,0,255,255,255,1,0,0,0,,,,,
,,,,,,,,,,,,,,,,,,,,
,,,,,,,,,,,,,,,,,,,,
//1,,,,,,,,,,,,,,,,,,,,
//SRC定義,(NULL),gr,x,y,w,h,div_x,div_y,cycle,timer,op1,op2,op3,,,,,,,
#SRC_IMAGE,0,4,611,700,34,482,1,1,0,131,0,0,0,,,,,,,
//DST定義,(NULL),time,x,y,w,h,acc,a,r,g,b,blend,filter,angle,center,loop,timer,op1,op2,op3
#DST_IMAGE,0,0,652,641,34,-482,0,255,255,255,255,1,0,0,0,-1,131,402,27,0
#DST_IMAGE,0,60,668,641,0,-482,0,0,255,255,255,1,0,0,0,,,,,
,,,,,,,,,,,,,,,,,,,,
//2,,,,,,,,,,,,,,,,,,,,
//SRC定義,(NULL),gr,x,y,w,h,div_x,div_y,cycle,timer,op1,op2,op3,,,,,,,
#SRC_IMAGE,0,4,646,700,26,482,1,1,0,132,0,0,0,,,,,,,
//DST定義,(NULL),time,x,y,w,h,acc,a,r,g,b,blend,filter,angle,center,loop,timer,op1,op2,op3
#DST_IMAGE,0,0,688,641,26,-482,0,255,255,255,255,1,0,0,0,-1,132,402,27,0
#DST_IMAGE,0,60,702,641,0,-482,0,0,255,255,255,1,0,0,0,,,,,
,,,,,,,,,,,,,,,,,,,,
//3,,,,,,,,,,,,,,,,,,,,
//SRC定義,(NULL),gr,x,y,w,h,div_x,div_y,cycle,timer,op1,op2,op3,,,,,,,
#SRC_IMAGE,0,4,673,700,34,482,1,1,0,133,0,0,0,,,,,,,
//DST定義,(NULL),time,x,y,w,h,acc,a,r,g,b,blend,filter,angle,center,loop,timer,op1,op2,op3
#DST_IMAGE,0,0,716,641,34,-482,0,255,255,255,255,1,0,0,0,-1,133,402,27,0
#DST_IMAGE,0,60,732,641,0,-482,0,0,255,255,255,1,0,0,0,,,,,
,,,,,,,,,,,,,,,,,,,,
//4,,,,,,,,,,,,,,,,,,,,
//SRC定義,(NULL),gr,x,y,w,h,div_x,div_y,cycle,timer,op1,op2,op3,,,,,,,
#SRC_IMAGE,0,4,708,700,26,482,1,1,0,134,0,0,0,,,,,,,
//DST定義,(NULL),time,x,y,w,h,acc,a,r,g,b,blend,filter,angle,center,loop,timer,op1,op2,op3
#DST_IMAGE,0,0,752,641,26,-482,0,255,255,255,255,1,0,0,0,-1,134,402,27,0
#DST_IMAGE,0,60,766,641,0,-482,0,0,255,255,255,1,0,0,0,,,,,
,,,,,,,,,,,,,,,,,,,,
//5,,,,,,,,,,,,,,,,,,,,
//SRC定義,(NULL),gr,x,y,w,h,div_x,div_y,cycle,timer,op1,op2,op3,,,,,,,
#SRC_IMAGE,0,4,735,700,34,482,1,1,0,135,0,0,0,,,,,,,
//DST定義,(NULL),time,x,y,w,h,acc,a,r,g,b,blend,filter,angle,center,loop,timer,op1,op2,op3
#DST_IMAGE,0,0,780,641,34,-482,0,255,255,255,255,1,0,0,0,-1,135,402,27,0
#DST_IMAGE,0,60,796,641,0,-482,0,0,255,255,255,1,0,0,0,,,,,
,,,,,,,,,,,,,,,,,,,,
,,,,,,,,,,,,,,,,,,,,
//LIGHTS,,,,,,,,,,,,,,,,,,,,
//SRC定義,(NULL),gr,x,y,w,h,div_x,div_y,cycle,timer,op1,op2,op3,,,,,,,
#SRC_IMAGE,0,4,942,0,50,69,1,1,0,101,0,0,0,,,,,,,
//DST定義,(NULL),time,x,y,w,h,acc,a,r,g,b,blend,filter,angle,center,loop,timer,op1,op2,op3
#DST_IMAGE,0,0,455,531,50,69,0,255,255,255,255,2,0,0,0,0,101,402,27,0
,,,,,,,,,,,,,,,,,,,,
//SRC定義,(NULL),gr,x,y,w,h,div_x,div_y,cycle,timer,op1,op2,op3,,,,,,,
#SRC_IMAGE,0,4,992,0,42,62,1,1,0,102,0,0,0,,,,,,,
//DST定義,(NULL),time,x,y,w,h,acc,a,r,g,b,blend,filter,angle,center,loop,timer,op1,op2,op3
#DST_IMAGE,0,0,491,526,42,62,0,255,255,255,255,2,0,0,0,0,102,402,27,0
,,,,,,,,,,,,,,,,,,,,
//SRC定義,(NULL),gr,x,y,w,h,div_x,div_y,cycle,timer,op1,op2,op3,,,,,,,
#SRC_IMAGE,0,4,1034,0,50,69,1,1,0,103,0,0,0,,,,,,,
//DST定義,(NULL),time,x,y,w,h,acc,a,r,g,b,blend,filter,angle,center,loop,timer,op1,op2,op3
#DST_IMAGE,0,0,519,531,50,69,0,255,255,255,255,2,0,0,0,0,103,402,27,0
,,,,,,,,,,,,,,,,,,,,
//SRC定義,(NULL),gr,x,y,w,h,div_x,div_y,cycle,timer,op1,op2,op3,,,,,,,
#SRC_IMAGE,0,4,1084,0,42,62,1,1,0,104,0,0,0,,,,,,,
//DST定義,(NULL),time,x,y,w,h,acc,a,r,g,b,blend,filter,angle,center,loop,timer,op1,op2,op3
#DST_IMAGE,0,0,555,526,42,62,0,255,255,255,255,2,0,0,0,0,104,402,27,0
,,,,,,,,,,,,,,,,,,,,
//SRC定義,(NULL),gr,x,y,w,h,div_x,div_y,cycle,timer,op1,op2,op3,,,,,,,
#SRC_IMAGE,0,4,1126,0,50,69,1,1,0,105,0,0,0,,,,,,,
//DST定義,(NULL),time,x,y,w,h,acc,a,r,g,b,blend,filter,angle,center,loop,timer,op1,op2,op3
#DST_IMAGE,0,0,583,529,50,69,0,255,255,255,255,2,0,0,0,0,105,402,27,0
,,,,,,,,,,,,,,,,,,,,
2p,,,,,,,,,,,,,,,,,,,,
//SRC定義,(NULL),gr,x,y,w,h,div_x,div_y,cycle,timer,op1,op2,op3,,,,,,,
#SRC_IMAGE,0,4,850,0,50,69,1,1,0,111,0,0,0,,,,,,,
//DST定義,(NULL),time,x,y,w,h,acc,a,r,g,b,blend,filter,angle,center,loop,timer,op1,op2,op3
#DST_IMAGE,0,0,645,531,50,69,0,255,255,255,255,2,0,0,0,0,111,402,27,0
,,,,,,,,,,,,,,,,,,,,
//SRC定義,(NULL),gr,x,y,w,h,div_x,div_y,cycle,timer,op1,op2,op3,,,,,,,
#SRC_IMAGE,0,4,900,0,42,62,1,1,0,112,0,0,0,,,,,,,
//DST定義,(NULL),time,x,y,w,h,acc,a,r,g,b,blend,filter,angle,center,loop,timer,op1,op2,op3
#DST_IMAGE,0,0,681,526,42,62,0,255,255,255,255,2,0,0,0,0,112,402,27,0
,,,,,,,,,,,,,,,,,,,,
//SRC定義,(NULL),gr,x,y,w,h,div_x,div_y,cycle,timer,op1,op2,op3,,,,,,,
#SRC_IMAGE,0,4,942,0,50,69,1,1,0,113,0,0,0,,,,,,,
//DST定義,(NULL),time,x,y,w,h,acc,a,r,g,b,blend,filter,angle,center,loop,timer,op1,op2,op3
#DST_IMAGE,0,0,709,531,50,69,0,255,255,255,255,2,0,0,0,0,113,402,27,0
,,,,,,,,,,,,,,,,,,,,
//SRC定義,(NULL),gr,x,y,w,h,div_x,div_y,cycle,timer,op1,op2,op3,,,,,,,
#SRC_IMAGE,0,4,992,0,42,62,1,1,0,114,0,0,0,,,,,,,
//DST定義,(NULL),time,x,y,w,h,acc,a,r,g,b,blend,filter,angle,center,loop,timer,op1,op2,op3
#DST_IMAGE,0,0,745,526,42,62,0,255,255,255,255,2,0,0,0,0,114,402,27,0
,,,,,,,,,,,,,,,,,,,,
//SRC定義,(NULL),gr,x,y,w,h,div_x,div_y,cycle,timer,op1,op2,op3,,,,,,,
#SRC_IMAGE,0,4,1034,0,50,69,1,1,0,115,0,0,0,,,,,,,
//DST定義,(NULL),time,x,y,w,h,acc,a,r,g,b,blend,filter,angle,center,loop,timer,op1,op2,op3
#DST_IMAGE,0,0,773,531,50,69,0,255,255,255,255,2,0,0,0,0,115,402,27,0
,,,,,,,,,,,,,,,,,,,,
//9KEYS LANES ON,,,,,,,,,,,,,,,,,,,,
//LEFT,,,,,,,,,,,,,,,,,,,,
//SRC定義,(NULL),gr,x,y,w,h,div_x,div_y,cycle,timer,,,,,,,,,,
#SRC_IMAGE,0,4,0,1024,372,414,1,1,0,0,,,,,,,,,,
//DST定義,(NULL),time,x,y,w,h,acc,a,r,g,b,blend,filter,angle,center,loop,timer,op1,op2,op3
#DST_IMAGE,0,0,450,172,372,414,0,0,255,255,255,1,0,0,0,500,27,401,27,0
#DST_IMAGE,0,500,450,172,372,414,0,255,255,255,255,1,0,0,0,,,,,
,,,,,,,,,,,,,,,,,,,,
//LEFT,,,,,,,,,,,,,,,,,,,,
//SRC定義,(NULL),gr,x,y,w,h,div_x,div_y,cycle,timer,,,,,,,,,,
#SRC_IMAGE,0,4,0,1024,372,414,1,1,0,0,,,,,,,,,,
//DST定義,(NULL),time,x,y,w,h,acc,a,r,g,b,blend,filter,angle,center,loop,timer,op1,op2,op3
#DST_IMAGE,0,0,450,172,372,414,0,255,255,255,255,1,0,0,0,-1,37,401,27,0
#DST_IMAGE,0,500,450,172,372,414,0,0,255,255,255,1,0,0,0,,,,,
,,,,,,,,,,,,,,,,,,,,
//LASER ON,,,,,,,,,,,,,,,,,,,,
//1,,,,,,,,,,,,,,,,,,,,
//SRC定義,(NULL),gr,x,y,w,h,div_x,div_y,cycle,timer,op1,op2,op3,,,,,,,
#SRC_IMAGE,0,4,0,1450,40,332,1,1,0,101,0,0,0,,,,,,,
//DST定義,(NULL),time,x,y,w,h,acc,a,r,g,b,blend,filter,angle,center,loop,timer,op1,op2,op3
#DST_IMAGE,0,0,452,172,42,358,0,255,255,255,255,1,0,0,0,0,101,401,27,0
,,,,,,,,,,,,,,,,,,,,
//2,,,,,,,,,,,,,,,,,,,,
//SRC定義,(NULL),gr,x,y,w,h,div_x,div_y,cycle,timer,op1,op2,op3,,,,,,,
#SRC_IMAGE,0,4,42,1450,32,332,1,1,0,102,0,0,0,,,,,,,
//DST定義,(NULL),time,x,y,w,h,acc,a,r,g,b,blend,filter,angle,center,loop,timer,op1,op2,op3
#DST_IMAGE,0,0,495,172,37,358,0,255,255,255,255,1,0,0,0,0,102,401,27,0
,,,,,,,,,,,,,,,,,,,,
//3,,,,,,,,,,,,,,,,,,,,
//SRC定義,(NULL),gr,x,y,w,h,div_x,div_y,cycle,timer,op1,op2,op3,,,,,,,
#SRC_IMAGE,0,4,76,1450,40,332,1,1,0,103,0,0,0,,,,,,,
//DST定義,(NULL),time,x,y,w,h,acc,a,r,g,b,blend,filter,angle,center,loop,timer,op1,op2,op3
#DST_IMAGE,0,0,533,172,42,358,0,255,255,255,255,1,0,0,0,0,103,401,27,0
,,,,,,,,,,,,,,,,,,,,
//4,,,,,,,,,,,,,,,,,,,,
//SRC定義,(NULL),gr,x,y,w,h,div_x,div_y,cycle,timer,op1,op2,op3,,,,,,,
#SRC_IMAGE,0,4,118,1450,32,332,1,1,0,104,0,0,0,,,,,,,
//DST定義,(NULL),time,x,y,w,h,acc,a,r,g,b,blend,filter,angle,center,loop,timer,op1,op2,op3
#DST_IMAGE,0,0,576,172,37,358,0,255,255,255,255,1,0,0,0,0,104,401,27,0
,,,,,,,,,,,,,,,,,,,,
//5,,,,,,,,,,,,,,,,,,,,
//SRC定義,(NULL),gr,x,y,w,h,div_x,div_y,cycle,timer,op1,op2,op3,,,,,,,
#SRC_IMAGE,0,4,152,1450,40,332,1,1,0,105,0,0,0,,,,,,,
//DST定義,(NULL),time,x,y,w,h,acc,a,r,g,b,blend,filter,angle,center,loop,timer,op1,op2,op3
#DST_IMAGE,0,0,614,172,42,358,0,255,255,255,255,1,0,0,0,0,105,401,27,0
,,,,,,,,,,,,,,,,,,,,
//6,,,,,,,,,,,,,,,,,,,,
//SRC定義,(NULL),gr,x,y,w,h,div_x,div_y,cycle,timer,op1,op2,op3,,,,,,,
#SRC_IMAGE,0,4,194,1450,32,332,1,1,0,106,0,0,0,,,,,,,
//DST定義,(NULL),time,x,y,w,h,acc,a,r,g,b,blend,filter,angle,center,loop,timer,op1,op2,op3
#DST_IMAGE,0,0,657,172,37,358,0,255,255,255,255,1,0,0,0,0,106,401,27,0
,,,,,,,,,,,,,,,,,,,,
//7,,,,,,,,,,,,,,,,,,,,
//SRC定義,(NULL),gr,x,y,w,h,div_x,div_y,cycle,timer,op1,op2,op3,,,,,,,
#SRC_IMAGE,0,4,228,1450,40,332,1,1,0,107,0,0,0,,,,,,,
//DST定義,(NULL),time,x,y,w,h,acc,a,r,g,b,blend,filter,angle,center,loop,timer,op1,op2,op3
#DST_IMAGE,0,0,695,172,42,358,0,255,255,255,255,1,0,0,0,0,107,401,27,0
,,,,,,,,,,,,,,,,,,,,
//8,,,,,,,,,,,,,,,,,,,,
//SRC定義,(NULL),gr,x,y,w,h,div_x,div_y,cycle,timer,op1,op2,op3,,,,,,,
#SRC_IMAGE,0,4,270,1450,32,332,1,1,0,108,0,0,0,,,,,,,
//DST定義,(NULL),time,x,y,w,h,acc,a,r,g,b,blend,filter,angle,center,loop,timer,op1,op2,op3
#DST_IMAGE,0,0,738,172,37,358,0,255,255,255,255,1,0,0,0,0,108,401,27,0
,,,,,,,,,,,,,,,,,,,,
//9,,,,,,,,,,,,,,,,,,,,
//SRC定義,(NULL),gr,x,y,w,h,div_x,div_y,cycle,timer,op1,op2,op3,,,,,,,
#SRC_IMAGE,0,4,304,1450,40,332,1,1,0,109,0,0,0,,,,,,,
//DST定義,(NULL),time,x,y,w,h,acc,a,r,g,b,blend,filter,angle,center,loop,timer,op1,op2,op3
#DST_IMAGE,0,0,776,172,42,358,0,255,255,255,255,1,0,0,0,0,109,401,27,0
,,,,,,,,,,,,,,,,,,,,
//LASER OFF,,,,,,,,,,,,,,,,,,,,
//1,,,,,,,,,,,,,,,,,,,,
//SRC定義,(NULL),gr,x,y,w,h,div_x,div_y,cycle,timer,op1,op2,op3,,,,,,,
#SRC_IMAGE,0,4,0,1450,40,332,1,1,0,101,0,0,0,,,,,,,
//DST定義,(NULL),time,x,y,w,h,acc,a,r,g,b,blend,filter,angle,center,loop,timer,op1,op2,op3
#DST_IMAGE,0,0,452,172,42,358,0,255,255,255,255,1,0,0,0,-1,121,401,27,0
#DST_IMAGE,0,60,473,172,0,358,0,255,255,255,255,1,0,0,0,,,,,
,,,,,,,,,,,,,,,,,,,,
//2,,,,,,,,,,,,,,,,,,,,
//SRC定義,(NULL),gr,x,y,w,h,div_x,div_y,cycle,timer,op1,op2,op3,,,,,,,
#SRC_IMAGE,0,4,42,1450,32,332,1,1,0,102,0,0,0,,,,,,,
//DST定義,(NULL),time,x,y,w,h,acc,a,r,g,b,blend,filter,angle,center,loop,timer,op1,op2,op3
#DST_IMAGE,0,0,495,172,37,358,0,255,255,255,255,1,0,0,0,-1,122,401,27,0
#DST_IMAGE,0,60,513.5,172,0,358,0,255,255,255,255,1,0,0,0,,,,,
,,,,,,,,,,,,,,,,,,,,
//3,,,,,,,,,,,,,,,,,,,,
//SRC定義,(NULL),gr,x,y,w,h,div_x,div_y,cycle,timer,op1,op2,op3,,,,,,,
#SRC_IMAGE,0,4,76,1450,40,332,1,1,0,103,0,0,0,,,,,,,
//DST定義,(NULL),time,x,y,w,h,acc,a,r,g,b,blend,filter,angle,center,loop,timer,op1,op2,op3
#DST_IMAGE,0,0,533,172,42,358,0,255,255,255,255,1,0,0,0,-1,123,401,27,0
#DST_IMAGE,0,60,554,172,0,358,0,255,255,255,255,1,0,0,0,,,,,
,,,,,,,,,,,,,,,,,,,,
//4,,,,,,,,,,,,,,,,,,,,
//SRC定義,(NULL),gr,x,y,w,h,div_x,div_y,cycle,timer,op1,op2,op3,,,,,,,
#SRC_IMAGE,0,4,118,1450,32,332,1,1,0,104,0,0,0,,,,,,,
//DST定義,(NULL),time,x,y,w,h,acc,a,r,g,b,blend,filter,angle,center,loop,timer,op1,op2,op3
#DST_IMAGE,0,0,576,172,37,358,0,255,255,255,255,1,0,0,0,-1,124,401,27,0
#DST_IMAGE,0,60,594.5,172,0,358,0,255,255,255,255,1,0,0,0,,,,,
,,,,,,,,,,,,,,,,,,,,
//5,,,,,,,,,,,,,,,,,,,,
//SRC定義,(NULL),gr,x,y,w,h,div_x,div_y,cycle,timer,op1,op2,op3,,,,,,,
#SRC_IMAGE,0,4,152,1450,40,332,1,1,0,105,0,0,0,,,,,,,
//DST定義,(NULL),time,x,y,w,h,acc,a,r,g,b,blend,filter,angle,center,loop,timer,op1,op2,op3
#DST_IMAGE,0,0,614,172,42,358,0,255,255,255,255,1,0,0,0,-1,125,401,27,0
#DST_IMAGE,0,60,635,172,0,358,0,255,255,255,255,1,0,0,0,,,,,
,,,,,,,,,,,,,,,,,,,,
//6,,,,,,,,,,,,,,,,,,,,
//SRC定義,(NULL),gr,x,y,w,h,div_x,div_y,cycle,timer,op1,op2,op3,,,,,,,
#SRC_IMAGE,0,4,194,1450,32,332,1,1,0,106,0,0,0,,,,,,,
//DST定義,(NULL),time,x,y,w,h,acc,a,r,g,b,blend,filter,angle,center,loop,timer,op1,op2,op3
#DST_IMAGE,0,0,657,172,37,358,0,255,255,255,255,1,0,0,0,-1,126,401,27,0
#DST_IMAGE,0,60,675.5,172,0,358,0,255,255,255,255,1,0,0,0,,,,,
,,,,,,,,,,,,,,,,,,,,
//7,,,,,,,,,,,,,,,,,,,,
//SRC定義,(NULL),gr,x,y,w,h,div_x,div_y,cycle,timer,op1,op2,op3,,,,,,,
#SRC_IMAGE,0,4,228,1450,40,332,1,1,0,107,0,0,0,,,,,,,
//DST定義,(NULL),time,x,y,w,h,acc,a,r,g,b,blend,filter,angle,center,loop,timer,op1,op2,op3
#DST_IMAGE,0,0,695,172,42,358,0,255,255,255,255,1,0,0,0,-1,127,401,27,0
#DST_IMAGE,0,60,716,172,0,358,0,255,255,255,255,1,0,0,0,,,,,
,,,,,,,,,,,,,,,,,,,,
//8,,,,,,,,,,,,,,,,,,,,
//SRC定義,(NULL),gr,x,y,w,h,div_x,div_y,cycle,timer,op1,op2,op3,,,,,,,
#SRC_IMAGE,0,4,270,1450,32,332,1,1,0,108,0,0,0,,,,,,,
//DST定義,(NULL),time,x,y,w,h,acc,a,r,g,b,blend,filter,angle,center,loop,timer,op1,op2,op3
#DST_IMAGE,0,0,738,172,37,358,0,255,255,255,255,1,0,0,0,-1,128,401,27,0
#DST_IMAGE,0,60,756.5,172,0,358,0,255,255,255,255,1,0,0,0,,,,,
,,,,,,,,,,,,,,,,,,,,
//9,,,,,,,,,,,,,,,,,,,,
//SRC定義,(NULL),gr,x,y,w,h,div_x,div_y,cycle,timer,op1,op2,op3,,,,,,,
#SRC_IMAGE,0,4,304,1450,40,332,1,1,0,109,0,0,0,,,,,,,
//DST定義,(NULL),time,x,y,w,h,acc,a,r,g,b,blend,filter,angle,center,loop,timer,op1,op2,op3
#DST_IMAGE,0,0,776,172,42,358,0,255,255,255,255,1,0,0,0,-1,129,401,27,0
#DST_IMAGE,0,60,797,172,0,358,0,255,255,255,255,1,0,0,0,,,,,
,,,,,,,,,,,,,,,,,,,,
//END TEST INFORMATION,,,,,,,,,,,,,,,,,,,,
//TEXT,,,,,,,,,,,,,,,,,,,,
//SRC定義,(NULL),gr,x,y,w,h,div_x,div_y,cycle,timer,,,,,,,,,,
#SRC_IMAGE,0,4,0,1800,395,22,1,1,0,0,,,,,,,,,,
//DST定義,(NULL),time,x,y,w,h,acc,a,r,g,b,blend,filter,angle,center,loop,timer,op1,op2,op3
#DST_IMAGE,0,0,671,121,395,22,0,0,255,255,255,1,0,0,0,500,27,0,0,0
#DST_IMAGE,0,500,671,121,395,22,0,255,255,255,255,1,0,0,0,,,,,
,,,,,,,,,,,,,,,,,,,,
//BUTTON,,,,,,,,,,,,,,,,,,,,
//SRC定義,(NULL),gr,x,y,w,h,div_x,div_y,cycle,timer,type,click,panel,plusonly,,,,,,
#SRC_BUTTON,0,0,0,0,1,1,1,1,0,0,7,1,0,0,,,,,,
//DST定義,(NULL),time,x,y,w,h,acc,a,r,g,b,blend,filter,angle,center,loop,timer,op1,op2,op3
#DST_BUTTON,0,0,841,121,156,22,0,0,255,255,255,1,0,0,0,0,0,0,0,0
,,,,,,,,,,,,,,,,,,,,
//MOUSE,,,,,,,,,,,,,,,,,,,,
//SRC定義,(NULL),gr,x,y,w,h,div_x,div_y,cycle,timer,panel,x2,y2,w2,h2,,,,,
#SRC_ONMOUSE,0,4,0,1825,156,22,1,1,0,0,7,0,0,156,22,,,,,
//DST定義,(NULL),time,x,y,w,h,acc,a,r,g,b,blend,filter,angle,center,loop,timer,op1,op2,op3
#DST_ONMOUSE,0,0,841,121,156,22,0,255,255,255,255,2,0,0,0,0,0,0,0,0
#DST_ONMOUSE,0,2000,841,121,156,22,0,0,255,255,255,2,0,0,0,,,,,
