#IF,900,,,,,,,,,,,,,,,,,,,
,,,,,,,,,,,,,,,,,,,,
//歯車アニメ,,,,,,,,,,,,,,,,,,,,
//SRC定義,(NULL),gr,x,y,w,h,div_x,div_y,cycle,timer,op1,op2,op3,,,,,,,
#SRC_IMAGE,0,19,0,967,2516,1470,17,3,1690,48,0,0,0,,,,,,,
//DST定義,(NULL),time,x,y,w,h,acc,a,r,g,b,blend,filter,angle,center,loop,timer,op1,op2,op3
#DST_IMAGE,0,200,119,82,148,490,0,255,255,255,255,2,0,0,0,-1,48,0,0,0
#DST_IMAGE,0,300,119,50,148,490,0,255,255,255,255,2,0,0,0,,,,,
#DST_IMAGE,0,440,119,25,148,490,0,255,255,255,255,2,0,0,0,,,,,
#DST_IMAGE,0,720,119,0,148,490,0,255,255,255,255,2,0,0,0,,,,,
#DST_IMAGE,0,1889,119,-5,148,490,0,255,255,255,255,2,0,0,0,,,,,
,,,,,,,,,,,,,,,,,,,,
//上昇する光1,,,,,,,,,,,,,,,,,,,,
//SRC定義,(NULL),gr,x,y,w,h,div_x,div_y,cycle,timer,op1,op2,op3,,,,,,,
#SRC_IMAGE,0,19,14,0,2,347,1,1,0,0,0,0,0,,,,,,,
//DST定義,(NULL),time,x,y,w,h,acc,a,r,g,b,blend,filter,angle,center,loop,timer,op1,op2,op3
#DST_IMAGE,0,33,82,482,2,-47,0,255,255,255,255,2,0,0,0,-1,48,0,0,0
#DST_IMAGE,0,133,82,467,2,-347,0,255,255,255,255,2,0,0,0,,,,,
#DST_IMAGE,0,266,82,47,2,-347,0,255,255,255,255,2,0,0,0,,,,,
,,,,,,,,,,,,,,,,,,,,
//上昇する光2,,,,,,,,,,,,,,,,,,,,
//SRC定義,(NULL),gr,x,y,w,h,div_x,div_y,cycle,timer,op1,op2,op3,,,,,,,
#SRC_IMAGE,0,19,14,0,2,347,1,1,0,0,0,0,0,,,,,,,
//DST定義,(NULL),time,x,y,w,h,acc,a,r,g,b,blend,filter,angle,center,loop,timer,op1,op2,op3
#DST_IMAGE,0,33,166,482,2,-12,0,255,255,255,255,2,0,0,0,-1,48,0,0,0
#DST_IMAGE,0,383,166,463,2,-347,0,255,255,255,255,2,0,0,0,,,,,
#DST_IMAGE,0,833,166,9,2,-347,0,255,255,255,255,2,0,0,0,,,,,
,,,,,,,,,,,,,,,,,,,,
//上昇する光3,,,,,,,,,,,,,,,,,,,,
//SRC定義,(NULL),gr,x,y,w,h,div_x,div_y,cycle,timer,op1,op2,op3,,,,,,,
#SRC_IMAGE,0,19,14,0,2,347,1,1,0,0,0,0,0,,,,,,,
//DST定義,(NULL),time,x,y,w,h,acc,a,r,g,b,blend,filter,angle,center,loop,timer,op1,op2,op3
#DST_IMAGE,0,33,193,482,2,-21,0,255,255,255,255,2,0,0,0,-1,48,0,0,0
#DST_IMAGE,0,216,193,475,2,-347,0,255,255,255,255,2,0,0,0,,,,,
#DST_IMAGE,0,466,193,22,2,-347,0,255,255,255,255,2,0,0,0,,,,,
,,,,,,,,,,,,,,,,,,,,
//上昇する光4,,,,,,,,,,,,,,,,,,,,
//SRC定義,(NULL),gr,x,y,w,h,div_x,div_y,cycle,timer,op1,op2,op3,,,,,,,
#SRC_IMAGE,0,19,14,0,2,347,1,1,0,0,0,0,0,,,,,,,
//DST定義,(NULL),time,x,y,w,h,acc,a,r,g,b,blend,filter,angle,center,loop,timer,op1,op2,op3
#DST_IMAGE,0,83,133,482,2,-56,0,255,255,255,255,2,0,0,0,-1,48,0,0,0
#DST_IMAGE,0,166,133,419,2,-347,0,255,255,255,255,2,0,0,0,,,,,
#DST_IMAGE,0,250,133,65,2,-347,0,255,255,255,255,2,0,0,0,,,,,
,,,,,,,,,,,,,,,,,,,,
//上昇する光5,,,,,,,,,,,,,,,,,,,,
//SRC定義,(NULL),gr,x,y,w,h,div_x,div_y,cycle,timer,op1,op2,op3,,,,,,,
#SRC_IMAGE,0,19,14,0,2,347,1,1,0,0,0,0,0,,,,,,,
//DST定義,(NULL),time,x,y,w,h,acc,a,r,g,b,blend,filter,angle,center,loop,timer,op1,op2,op3
#DST_IMAGE,0,116,283,482,2,-29,0,255,255,255,255,2,0,0,0,-1,48,0,0,0
#DST_IMAGE,0,283,283,457,2,-347,0,255,255,255,255,2,0,0,0,,,,,
#DST_IMAGE,0,500,283,11,2,-347,0,255,255,255,255,2,0,0,0,,,,,
,,,,,,,,,,,,,,,,,,,,
//上昇する光6,,,,,,,,,,,,,,,,,,,,
//SRC定義,(NULL),gr,x,y,w,h,div_x,div_y,cycle,timer,op1,op2,op3,,,,,,,
#SRC_IMAGE,0,19,14,0,2,347,1,1,0,0,0,0,0,,,,,,,
//DST定義,(NULL),time,x,y,w,h,acc,a,r,g,b,blend,filter,angle,center,loop,timer,op1,op2,op3
#DST_IMAGE,0,183,243,482,2,-64,0,255,255,255,255,2,0,0,0,-1,48,0,0,0
#DST_IMAGE,0,266,243,414,2,-347,0,255,255,255,255,2,0,0,0,,,,,
#DST_IMAGE,0,350,243,64,2,-347,0,255,255,255,255,2,0,0,0,,,,,
,,,,,,,,,,,,,,,,,,,,
//上昇する光7,,,,,,,,,,,,,,,,,,,,
//SRC定義,(NULL),gr,x,y,w,h,div_x,div_y,cycle,timer,op1,op2,op3,,,,,,,
#SRC_IMAGE,0,19,14,0,2,347,1,1,0,0,0,0,0,,,,,,,
//DST定義,(NULL),time,x,y,w,h,acc,a,r,g,b,blend,filter,angle,center,loop,timer,op1,op2,op3
#DST_IMAGE,0,216,209,482,2,-30,0,255,255,255,255,2,0,0,0,-1,48,0,0,0
#DST_IMAGE,0,383,209,449,2,-347,0,255,255,255,255,2,0,0,0,,,,,
#DST_IMAGE,0,583,209,30,2,-347,0,255,255,255,255,2,0,0,0,,,,,
,,,,,,,,,,,,,,,,,,,,
//上昇する光8,,,,,,,,,,,,,,,,,,,,
//SRC定義,(NULL),gr,x,y,w,h,div_x,div_y,cycle,timer,op1,op2,op3,,,,,,,
#SRC_IMAGE,0,19,14,0,2,347,1,1,0,0,0,0,0,,,,,,,
//DST定義,(NULL),time,x,y,w,h,acc,a,r,g,b,blend,filter,angle,center,loop,timer,op1,op2,op3
#DST_IMAGE,0,233,109,482,2,-46,0,255,255,255,255,2,0,0,0,-1,48,0,0,0
#DST_IMAGE,0,333,109,468,2,-347,0,255,255,255,255,2,0,0,0,,,,,
#DST_IMAGE,0,466,109,47,2,-347,0,255,255,255,255,2,0,0,0,,,,,
,,,,,,,,,,,,,,,,,,,,
//上昇する光9,,,,,,,,,,,,,,,,,,,,
//SRC定義,(NULL),gr,x,y,w,h,div_x,div_y,cycle,timer,op1,op2,op3,,,,,,,
#SRC_IMAGE,0,19,14,0,2,347,1,1,0,0,0,0,0,,,,,,,
//DST定義,(NULL),time,x,y,w,h,acc,a,r,g,b,blend,filter,angle,center,loop,timer,op1,op2,op3
#DST_IMAGE,0,250,72,482,2,-28,0,255,255,255,255,2,0,0,0,-1,48,0,0,0
#DST_IMAGE,0,416,72,464,2,-347,0,255,255,255,255,2,0,0,0,,,,,
#DST_IMAGE,0,633,72,26,2,-347,0,255,255,255,255,2,0,0,0,,,,,
,,,,,,,,,,,,,,,,,,,,
//上昇する光10,,,,,,,,,,,,,,,,,,,,
//SRC定義,(NULL),gr,x,y,w,h,div_x,div_y,cycle,timer,op1,op2,op3,,,,,,,
#SRC_IMAGE,0,19,14,0,2,347,1,1,0,0,0,0,0,,,,,,,
//DST定義,(NULL),time,x,y,w,h,acc,a,r,g,b,blend,filter,angle,center,loop,timer,op1,op2,op3
#DST_IMAGE,0,400,146,482,2,-20,0,255,255,255,255,2,0,0,0,-1,48,0,0,0
#DST_IMAGE,0,616,146,467,2,-347,0,255,255,255,255,2,0,0,0,,,,,
#DST_IMAGE,0,900,146,20,2,-347,0,255,255,255,255,2,0,0,0,,,,,
,,,,,,,,,,,,,,,,,,,,
//上昇する光11,,,,,,,,,,,,,,,,,,,,
//SRC定義,(NULL),gr,x,y,w,h,div_x,div_y,cycle,timer,op1,op2,op3,,,,,,,
#SRC_IMAGE,0,19,14,0,2,347,1,1,0,0,0,0,0,,,,,,,
//DST定義,(NULL),time,x,y,w,h,acc,a,r,g,b,blend,filter,angle,center,loop,timer,op1,op2,op3
#DST_IMAGE,0,416,243,482,2,-44,0,255,255,255,255,2,0,0,0,-1,48,0,0,0
#DST_IMAGE,0,516,243,468,2,-347,0,255,255,255,255,2,0,0,0,,,,,
#DST_IMAGE,0,650,243,45,2,-347,0,255,255,255,255,2,0,0,0,,,,,
,,,,,,,,,,,,,,,,,,,,
//上昇する光12,,,,,,,,,,,,,,,,,,,,
//SRC定義,(NULL),gr,x,y,w,h,div_x,div_y,cycle,timer,op1,op2,op3,,,,,,,
#SRC_IMAGE,0,19,14,0,2,347,1,1,0,0,0,0,0,,,,,,,
//DST定義,(NULL),time,x,y,w,h,acc,a,r,g,b,blend,filter,angle,center,loop,timer,op1,op2,op3
#DST_IMAGE,0,450,318,482,2,-41,0,255,255,255,255,2,0,0,0,-1,48,0,0,0
#DST_IMAGE,0,550,318,470,2,-347,0,255,255,255,255,2,0,0,0,,,,,
#DST_IMAGE,0,683,318,47,2,-347,0,255,255,255,255,2,0,0,0,,,,,
,,,,,,,,,,,,,,,,,,,,
//上昇する光13,,,,,,,,,,,,,,,,,,,,
//SRC定義,(NULL),gr,x,y,w,h,div_x,div_y,cycle,timer,op1,op2,op3,,,,,,,
#SRC_IMAGE,0,19,14,0,2,347,1,1,0,0,0,0,0,,,,,,,
//DST定義,(NULL),time,x,y,w,h,acc,a,r,g,b,blend,filter,angle,center,loop,timer,op1,op2,op3
#DST_IMAGE,0,450,102,482,2,-13,0,255,255,255,255,2,0,0,0,-1,48,0,0,0
#DST_IMAGE,0,750,102,480,2,-347,0,255,255,255,255,2,0,0,0,,,,,
#DST_IMAGE,0,1166,102,14,2,-347,0,255,255,255,255,2,0,0,0,,,,,
,,,,,,,,,,,,,,,,,,,,
//メイン1,,,,,,,,,,,,,,,,,,,,
//SRC定義,(NULL),gr,x,y,w,h,div_x,div_y,cycle,timer,op1,op2,op3,,,,,,,
#SRC_IMAGE,0,19,5,0,8,482,1,1,0,0,0,0,0,,,,,,,
//DST定義,(NULL),time,x,y,w,h,acc,a,r,g,b,blend,filter,angle,center,loop,timer,op1,op2,op3
#DST_IMAGE,0,16,50,482,288,0,0,255,255,255,255,2,0,0,0,-1,48,0,0,0
#DST_IMAGE,0,116,50,482,288,-482,0,255,255,255,255,2,0,0,0,,,,,
#DST_IMAGE,0,583,193,482,2,-482,0,255,255,255,255,2,0,0,0,,,,,
#DST_IMAGE,0,833,193,482,2,-482,0,130,255,255,255,2,0,0,0,,,,,
#DST_IMAGE,0,1233,193,482,2,-482,0,0,255,255,255,2,0,0,0,,,,,
,,,,,,,,,,,,,,,,,,,,
//光,1,,,,,,,,,,,,,,,,,,,
//SRC定義,(NULL),gr,x,y,w,h,div_x,div_y,cycle,timer,op1,op2,op3,,,,,,,
#SRC_IMAGE,0,19,0,0,4,482,1,1,0,0,0,0,0,,,,,,,
//DST定義,(NULL),time,x,y,w,h,acc,a,r,g,b,blend,filter,angle,center,loop,timer,op1,op2,op3
#DST_IMAGE,0,150,325,0,13,482,0,255,255,255,255,2,0,0,0,-1,48,0,0,0
#DST_IMAGE,0,800,192,0,2,482,0,255,255,255,255,2,0,0,0,,,,,
,,,,,,,,,,,,,,,,,,,,
//光,2,,,,,,,,,,,,,,,,,,,
//SRC定義,(NULL),gr,x,y,w,h,div_x,div_y,cycle,timer,op1,op2,op3,,,,,,,
#SRC_IMAGE,0,19,0,0,4,482,1,1,0,0,0,0,0,,,,,,,
//DST定義,(NULL),time,x,y,w,h,acc,a,r,g,b,blend,filter,angle,center,loop,timer,op1,op2,op3
#DST_IMAGE,0,150,50,0,8,482,0,255,255,255,255,2,0,0,0,-1,48,0,0,0
#DST_IMAGE,0,816,192,0,2,482,0,255,255,255,255,2,0,0,0,,,,,
,,,,,,,,,,,,,,,,,,,,
//光,3,,,,,,,,,,,,,,,,,,,
//SRC定義,(NULL),gr,x,y,w,h,div_x,div_y,cycle,timer,op1,op2,op3,,,,,,,
#SRC_IMAGE,0,19,0,0,4,482,1,1,0,0,0,0,0,,,,,,,
//DST定義,(NULL),time,x,y,w,h,acc,a,r,g,b,blend,filter,angle,center,loop,timer,op1,op2,op3
#DST_IMAGE,0,333,50,0,4,482,0,255,255,255,255,2,0,0,0,-1,48,0,0,0
#DST_IMAGE,0,816,192,0,1,482,0,255,255,255,255,2,0,0,0,,,,,
,,,,,,,,,,,,,,,,,,,,
//光,4,,,,,,,,,,,,,,,,,,,
//SRC定義,(NULL),gr,x,y,w,h,div_x,div_y,cycle,timer,op1,op2,op3,,,,,,,
#SRC_IMAGE,0,19,0,0,4,482,1,1,0,0,0,0,0,,,,,,,
//DST定義,(NULL),time,x,y,w,h,acc,a,r,g,b,blend,filter,angle,center,loop,timer,op1,op2,op3
#DST_IMAGE,0,417,325,0,4,482,0,255,255,255,255,2,0,0,0,-1,48,0,0,0
#DST_IMAGE,0,816,193,0,1,482,0,255,255,255,255,2,0,0,0,,,,,
,,,,,,,,,,,,,,,,,,,,
//光,5,,,,,,,,,,,,,,,,,,,
//SRC定義,(NULL),gr,x,y,w,h,div_x,div_y,cycle,timer,op1,op2,op3,,,,,,,
#SRC_IMAGE,0,19,0,0,4,482,1,1,0,0,0,0,0,,,,,,,
//DST定義,(NULL),time,x,y,w,h,acc,a,r,g,b,blend,filter,angle,center,loop,timer,op1,op2,op3
#DST_IMAGE,0,483,325,0,4,482,0,255,255,255,255,2,0,0,0,-1,48,0,0,0
#DST_IMAGE,0,816,193,0,1,482,0,255,255,255,255,2,0,0,0,,,,,
,,,,,,,,,,,,,,,,,,,,
//光,6,,,,,,,,,,,,,,,,,,,
//SRC定義,(NULL),gr,x,y,w,h,div_x,div_y,cycle,timer,op1,op2,op3,,,,,,,
#SRC_IMAGE,0,19,0,0,4,482,1,1,0,0,0,0,0,,,,,,,
//DST定義,(NULL),time,x,y,w,h,acc,a,r,g,b,blend,filter,angle,center,loop,timer,op1,op2,op3
#DST_IMAGE,0,583,50,0,3,482,0,255,255,255,255,2,0,0,0,-1,48,0,0,0
#DST_IMAGE,0,833,192,0,1,482,0,255,255,255,255,2,0,0,0,,,,,
,,,,,,,,,,,,,,,,,,,,
//メイン2,,,,,,,,,,,,,,,,,,,,
//SRC定義,(NULL),gr,x,y,w,h,div_x,div_y,cycle,timer,op1,op2,op3,,,,,,,
#SRC_IMAGE,0,19,5,0,8,482,1,1,0,0,0,0,0,,,,,,,
//DST定義,(NULL),time,x,y,w,h,acc,a,r,g,b,blend,filter,angle,center,loop,timer,op1,op2,op3
#DST_IMAGE,0,16,50,482,288,-482,0,0,255,255,255,2,0,0,0,-1,48,0,0,0
#DST_IMAGE,0,183,50,482,288,-482,0,255,255,255,255,2,0,0,0,,,,,
#DST_IMAGE,0,333,50,482,288,-482,0,255,255,255,255,2,0,0,0,,,,,
#DST_IMAGE,0,683,50,482,288,-482,0,0,255,255,255,2,0,0,0,,,,,
,,,,,,,,,,,,,,,,,,,,
//メイン3,,,,,,,,,,,,,,,,,,,,
//SRC定義,(NULL),gr,x,y,w,h,div_x,div_y,cycle,timer,op1,op2,op3,,,,,,,
#SRC_IMAGE,0,19,17,0,458,151,1,1,0,0,0,0,0,,,,,,,
//DST定義,(NULL),time,x,y,w,h,acc,a,r,g,b,blend,filter,angle,center,loop,timer,op1,op2,op3
#DST_IMAGE,0,33,-37,406,458,151,0,40,255,255,255,2,0,0,0,-1,48,0,0,0
#DST_IMAGE,0,133,-37,181,458,604,0,255,255,255,255,2,0,0,0,,,,,
#DST_IMAGE,0,516,-37,263,458,439,0,250,255,255,255,2,0,0,0,,,,,
#DST_IMAGE,0,833,-37,331,458,302,0,150,255,255,255,2,0,0,0,,,,,
#DST_IMAGE,0,1316,-37,331,458,302,0,0,255,255,255,2,0,0,0,,,,,
,,,,,,,,,,,,,,,,,,,,
//メイン4,,,,,,,,,,,,,,,,,,,,
//SRC定義,(NULL),gr,x,y,w,h,div_x,div_y,cycle,timer,op1,op2,op3,,,,,,,
#SRC_IMAGE,0,19,211,0,60,151,1,1,0,0,0,0,0,,,,,,,
//DST定義,(NULL),time,x,y,w,h,acc,a,r,g,b,blend,filter,angle,center,loop,timer,op1,op2,op3
#DST_IMAGE,0,366,-48,124,482,235,0,30,255,255,255,2,0,90,0,-1,48,0,0,0
#DST_IMAGE,0,500,-48,150,482,181,0,255,255,255,255,2,0,90,0,,,,,
#DST_IMAGE,0,816,-48,216,482,51,0,100,255,255,255,2,0,90,0,,,,,
#DST_IMAGE,0,1050,-48,216,482,51,0,0,255,255,255,2,0,90,0,,,,,
,,,,,,,,,,,,,,,,,,,,
//フラッシュ1,,,,,,,,,,,,,,,,,,,,
//SRC定義,(NULL),gr,x,y,w,h,div_x,div_y,cycle,timer,op1,op2,op3,,,,,,,
#SRC_IMAGE,0,19,17,152,200,173,1,1,0,0,0,0,0,,,,,,,
//DST定義,(NULL),time,x,y,w,h,acc,a,r,g,b,blend,filter,angle,center,loop,timer,op1,op2,op3
#DST_IMAGE,0,16,-208,132,800,692,0,255,255,255,255,2,0,0,0,-1,48,0,0,0
#DST_IMAGE,0,116,-8,304,400,346,0,255,255,255,255,2,0,0,0,,,,,
#DST_IMAGE,0,283,-8,304,400,346,0,0,255,255,255,2,0,0,0,,,,,
,,,,,,,,,,,,,,,,,,,,
//フラッシュ2,,,,,,,,,,,,,,,,,,,,
//SRC定義,(NULL),gr,x,y,w,h,div_x,div_y,cycle,timer,op1,op2,op3,,,,,,,
#SRC_IMAGE,0,19,17,326,640,640,1,1,0,0,0,0,0,,,,,,,
//DST定義,(NULL),time,x,y,w,h,acc,a,r,g,b,blend,filter,angle,center,loop,timer,op1,op2,op3
#DST_IMAGE,0,16,88,356,200,200,0,255,255,255,255,2,0,0,0,-1,48,0,0,0
#DST_IMAGE,0,183,-276,-8,930,930,0,255,255,255,255,2,0,0,0,,,,,
#DST_IMAGE,0,350,-452,-184,1280,1280,0,0,255,255,255,2,0,0,0,,,,,
,,,,,,,,,,,,,,,,,,,,
//リング,,,,,,,,,,,,,,,,,,,,
//SRC定義,(NULL),gr,x,y,w,h,div_x,div_y,cycle,timer,op1,op2,op3,,,,,,,
#SRC_IMAGE,0,19,476,0,368,304,1,1,0,0,0,0,0,,,,,,,
//DST定義,(NULL),time,x,y,w,h,acc,a,r,g,b,blend,filter,angle,center,loop,timer,op1,op2,op3
#DST_IMAGE,0,16,99,383,185,153,0,255,255,255,255,2,0,0,0,-1,48,0,0,0
#DST_IMAGE,0,116,17,315,350,289,0,255,255,255,255,2,0,0,0,,,,,
#DST_IMAGE,0,350,-158,171,700,578,0,0,255,255,255,2,0,0,0,,,,,
,,,,,,,,,,,,,,,,,,,,
/輪1,,,,,,,,,,,,,,,,,,,,
//SRC定義,(NULL),gr,x,y,w,h,div_x,div_y,cycle,timer,op1,op2,op3,,,,,,,
#SRC_IMAGE,0,19,658,305,320,320,1,1,0,0,0,0,0,,,,,,,
//DST定義,(NULL),time,x,y,w,h,acc,a,r,g,b,blend,filter,angle,center,loop,timer,op1,op2,op3
#DST_IMAGE,0,50,31,299,320,320,0,255,255,255,255,2,0,-359,0,-1,48,0,0,0
#DST_IMAGE,0,583,-281,-13,944,944,0,128,255,255,255,2,0,-13,0,,,,,
,,,,,,,,,,,,,,,,,,,,
/輪2,,,,,,,,,,,,,,,,,,,,
//SRC定義,(NULL),gr,x,y,w,h,div_x,div_y,cycle,timer,op1,op2,op3,,,,,,,
#SRC_IMAGE,0,19,658,305,320,320,1,1,0,0,0,0,0,,,,,,,
//DST定義,(NULL),time,x,y,w,h,acc,a,r,g,b,blend,filter,angle,center,loop,timer,op1,op2,op3
#DST_IMAGE,0,50,184,452,13,13,0,255,255,255,255,2,0,-165,0,-1,48,0,0,0
#DST_IMAGE,0,583,-281,-13,944,944,0,128,255,255,255,2,0,167,0,,,,,
,,,,,,,,,,,,,,,,,,,,
/ビーム,,,,,,,,,,,,,,,,,,,,
//SRC定義,(NULL),gr,x,y,w,h,div_x,div_y,cycle,timer,op1,op2,op3,,,,,,,
#SRC_IMAGE,0,19,979,0,80,642,1,1,0,0,0,0,0,,,,,,,
//DST定義,(NULL),time,x,y,w,h,acc,a,r,g,b,blend,filter,angle,center,loop,timer,op1,op2,op3
#DST_IMAGE,0,583,-1456,401,3300,81,0,255,255,255,255,2,0,0,0,-1,48,0,0,0
#DST_IMAGE,0,700,113,-160,160,642,0,255,255,255,255,2,0,0,0,,,,,
#DST_IMAGE,0,1366,193,-160,0,642,0,255,255,255,255,2,0,0,0,,,,,
,,,,,,,,,,,,,,,,,,,,
//キラキラ1,,,,,,,,,,,,,,,,,,,,
//SRC定義,(NULL),gr,x,y,w,h,div_x,div_y,cycle,timer,op1,op2,op3,,,,,,,
#SRC_IMAGE,0,19,218,152,27,155,1,5,83,48,0,0,0,,,,,,,
//DST定義,(NULL),time,x,y,w,h,acc,a,r,g,b,blend,filter,angle,center,loop,timer,op1,op2,op3
#DST_IMAGE,0,16,104,449,27,31,0,255,255,255,255,2,0,0,0,-1,48,0,0,0
#DST_IMAGE,0,800,104,360,27,31,0,255,255,255,255,2,0,0,0,,,,,
,,,,,,,,,,,,,,,,,,,,
//キラキラ2,,,,,,,,,,,,,,,,,,,,
//SRC定義,(NULL),gr,x,y,w,h,div_x,div_y,cycle,timer,op1,op2,op3,,,,,,,
#SRC_IMAGE,0,19,218,152,27,155,1,5,83,48,0,0,0,,,,,,,
//DST定義,(NULL),time,x,y,w,h,acc,a,r,g,b,blend,filter,angle,center,loop,timer,op1,op2,op3
#DST_IMAGE,0,150,242,449,27,31,0,255,255,255,255,2,0,0,0,-1,48,0,0,0
#DST_IMAGE,0,833,242,317,27,31,0,255,255,255,255,2,0,0,0,,,,,
,,,,,,,,,,,,,,,,,,,,
//キラキラ3,,,,,,,,,,,,,,,,,,,,
//SRC定義,(NULL),gr,x,y,w,h,div_x,div_y,cycle,timer,op1,op2,op3,,,,,,,
#SRC_IMAGE,0,19,218,152,27,155,1,5,83,48,0,0,0,,,,,,,
//DST定義,(NULL),time,x,y,w,h,acc,a,r,g,b,blend,filter,angle,center,loop,timer,op1,op2,op3
#DST_IMAGE,0,183,166,449,27,31,0,255,255,255,255,2,0,0,0,-1,48,0,0,0
#DST_IMAGE,0,1016,166,110,27,31,0,255,255,255,255,2,0,0,0,,,,,
,,,,,,,,,,,,,,,,,,,,
//キラキラ4,,,,,,,,,,,,,,,,,,,,
//SRC定義,(NULL),gr,x,y,w,h,div_x,div_y,cycle,timer,op1,op2,op3,,,,,,,
#SRC_IMAGE,0,19,218,152,27,155,1,5,83,48,0,0,0,,,,,,,
//DST定義,(NULL),time,x,y,w,h,acc,a,r,g,b,blend,filter,angle,center,loop,timer,op1,op2,op3
#DST_IMAGE,0,233,200,449,27,31,0,255,255,255,255,2,0,0,0,-1,48,0,0,0
#DST_IMAGE,0,916,200,249,27,31,0,255,255,255,255,2,0,0,0,,,,,
,,,,,,,,,,,,,,,,,,,,
//キラキラ5,,,,,,,,,,,,,,,,,,,,
//SRC定義,(NULL),gr,x,y,w,h,div_x,div_y,cycle,timer,op1,op2,op3,,,,,,,
#SRC_IMAGE,0,19,218,152,27,155,1,5,83,48,0,0,0,,,,,,,
//DST定義,(NULL),time,x,y,w,h,acc,a,r,g,b,blend,filter,angle,center,loop,timer,op1,op2,op3
#DST_IMAGE,0,250,135,449,27,31,0,255,255,255,255,2,0,0,0,-1,48,0,0,0
#DST_IMAGE,0,933,135,263,27,31,0,255,255,255,255,2,0,0,0,,,,,
,,,,,,,,,,,,,,,,,,,,
//キラキラ6,,,,,,,,,,,,,,,,,,,,
//SRC定義,(NULL),gr,x,y,w,h,div_x,div_y,cycle,timer,op1,op2,op3,,,,,,,
#SRC_IMAGE,0,19,218,152,27,155,1,5,83,48,0,0,0,,,,,,,
//DST定義,(NULL),time,x,y,w,h,acc,a,r,g,b,blend,filter,angle,center,loop,timer,op1,op2,op3
#DST_IMAGE,0,266,231,449,27,31,0,255,255,255,255,2,0,0,0,-1,48,0,0,0
#DST_IMAGE,0,1050,231,270,27,31,0,255,255,255,255,2,0,0,0,,,,,
,,,,,,,,,,,,,,,,,,,,
//キラキラ7,,,,,,,,,,,,,,,,,,,,
//SRC定義,(NULL),gr,x,y,w,h,div_x,div_y,cycle,timer,op1,op2,op3,,,,,,,
#SRC_IMAGE,0,19,218,152,27,155,1,5,83,48,0,0,0,,,,,,,
//DST定義,(NULL),time,x,y,w,h,acc,a,r,g,b,blend,filter,angle,center,loop,timer,op1,op2,op3
#DST_IMAGE,0,283,193,451,27,31,0,255,255,255,255,2,0,0,0,-1,48,0,0,0
#DST_IMAGE,0,900,193,127,27,31,0,255,255,255,255,2,0,0,0,,,,,
,,,,,,,,,,,,,,,,,,,,
//キラキラ8,,,,,,,,,,,,,,,,,,,,
//SRC定義,(NULL),gr,x,y,w,h,div_x,div_y,cycle,timer,op1,op2,op3,,,,,,,
#SRC_IMAGE,0,19,218,152,27,155,1,5,83,48,0,0,0,,,,,,,
//DST定義,(NULL),time,x,y,w,h,acc,a,r,g,b,blend,filter,angle,center,loop,timer,op1,op2,op3
#DST_IMAGE,0,350,94,449,27,31,0,255,255,255,255,2,0,0,0,-1,48,0,0,0
#DST_IMAGE,0,1133,94,297,27,31,0,255,255,255,255,2,0,0,0,,,,,
,,,,,,,,,,,,,,,,,,,,
//キラキラ9,,,,,,,,,,,,,,,,,,,,
//SRC定義,(NULL),gr,x,y,w,h,div_x,div_y,cycle,timer,op1,op2,op3,,,,,,,
#SRC_IMAGE,0,19,218,152,27,155,1,5,83,48,0,0,0,,,,,,,
//DST定義,(NULL),time,x,y,w,h,acc,a,r,g,b,blend,filter,angle,center,loop,timer,op1,op2,op3
#DST_IMAGE,0,350,205,449,27,31,0,255,255,255,255,2,0,0,0,-1,48,0,0,0
#DST_IMAGE,0,1100,205,312,27,31,0,255,255,255,255,2,0,0,0,,,,,
,,,,,,,,,,,,,,,,,,,,
//キラキラ10,,,,,,,,,,,,,,,,,,,,
//SRC定義,(NULL),gr,x,y,w,h,div_x,div_y,cycle,timer,op1,op2,op3,,,,,,,
#SRC_IMAGE,0,19,218,152,27,155,1,5,83,48,0,0,0,,,,,,,
//DST定義,(NULL),time,x,y,w,h,acc,a,r,g,b,blend,filter,angle,center,loop,timer,op1,op2,op3
#DST_IMAGE,0,383,171,451,27,31,0,255,255,255,255,2,0,0,0,-1,48,0,0,0
#DST_IMAGE,0,1166,171,186,27,31,0,255,255,255,255,2,0,0,0,,,,,
,,,,,,,,,,,,,,,,,,,,
//キラキラ11,,,,,,,,,,,,,,,,,,,,
//SRC定義,(NULL),gr,x,y,w,h,div_x,div_y,cycle,timer,op1,op2,op3,,,,,,,
#SRC_IMAGE,0,19,218,152,27,155,1,5,83,48,0,0,0,,,,,,,
//DST定義,(NULL),time,x,y,w,h,acc,a,r,g,b,blend,filter,angle,center,loop,timer,op1,op2,op3
#DST_IMAGE,0,383,211,451,27,31,0,255,255,255,255,2,0,0,0,-1,48,0,0,0
#DST_IMAGE,0,1166,211,245,27,31,0,255,255,255,255,2,0,0,0,,,,,
,,,,,,,,,,,,,,,,,,,,
//キラキラ12,,,,,,,,,,,,,,,,,,,,
//SRC定義,(NULL),gr,x,y,w,h,div_x,div_y,cycle,timer,op1,op2,op3,,,,,,,
#SRC_IMAGE,0,19,218,152,27,155,1,5,83,48,0,0,0,,,,,,,
//DST定義,(NULL),time,x,y,w,h,acc,a,r,g,b,blend,filter,angle,center,loop,timer,op1,op2,op3
#DST_IMAGE,0,433,190,451,27,31,0,255,255,255,255,2,0,0,0,-1,48,0,0,0
#DST_IMAGE,0,783,190,391,27,31,0,255,255,255,255,2,0,0,0,,,,,
#DST_IMAGE,0,1033,190,291,27,31,0,255,255,255,255,2,0,0,0,,,,,
,,,,,,,,,,,,,,,,,,,,
//キラキラ13,,,,,,,,,,,,,,,,,,,,
//SRC定義,(NULL),gr,x,y,w,h,div_x,div_y,cycle,timer,op1,op2,op3,,,,,,,
#SRC_IMAGE,0,19,218,152,27,155,1,5,83,48,0,0,0,,,,,,,
//DST定義,(NULL),time,x,y,w,h,acc,a,r,g,b,blend,filter,angle,center,loop,timer,op1,op2,op3
#DST_IMAGE,0,483,147,451,27,31,0,255,255,255,255,2,0,0,0,-1,48,0,0,0
#DST_IMAGE,0,833,147,322,27,31,0,255,255,255,255,2,0,0,0,,,,,
,,,,,,,,,,,,,,,,,,,,
//キラキラ14,,,,,,,,,,,,,,,,,,,,
//SRC定義,(NULL),gr,x,y,w,h,div_x,div_y,cycle,timer,op1,op2,op3,,,,,,,
#SRC_IMAGE,0,19,218,152,27,155,1,5,83,48,0,0,0,,,,,,,
//DST定義,(NULL),time,x,y,w,h,acc,a,r,g,b,blend,filter,angle,center,loop,timer,op1,op2,op3
#DST_IMAGE,0,500,155,449,27,31,0,255,255,255,255,2,0,0,0,-1,48,0,0,0
#DST_IMAGE,0,1183,155,-12,27,31,0,255,255,255,255,2,0,0,0,,,,,
,,,,,,,,,,,,,,,,,,,,
//キラキラ15,,,,,,,,,,,,,,,,,,,,
//SRC定義,(NULL),gr,x,y,w,h,div_x,div_y,cycle,timer,op1,op2,op3,,,,,,,
#SRC_IMAGE,0,19,218,152,27,155,1,5,83,48,0,0,0,,,,,,,
//DST定義,(NULL),time,x,y,w,h,acc,a,r,g,b,blend,filter,angle,center,loop,timer,op1,op2,op3
#DST_IMAGE,0,500,186,449,27,31,0,255,255,255,255,2,0,0,0,-1,48,0,0,0
#DST_IMAGE,0,1283,186,40,27,31,0,255,255,255,255,2,0,0,0,,,,,
,,,,,,,,,,,,,,,,,,,,
//キラキラ16,,,,,,,,,,,,,,,,,,,,
//SRC定義,(NULL),gr,x,y,w,h,div_x,div_y,cycle,timer,op1,op2,op3,,,,,,,
#SRC_IMAGE,0,19,218,152,27,155,1,5,83,48,0,0,0,,,,,,,
//DST定義,(NULL),time,x,y,w,h,acc,a,r,g,b,blend,filter,angle,center,loop,timer,op1,op2,op3
#DST_IMAGE,0,500,201,449,27,31,0,255,255,255,255,2,0,0,0,-1,48,0,0,0
#DST_IMAGE,0,1266,201,-15,27,31,0,255,255,255,255,2,0,0,0,,,,,
,,,,,,,,,,,,,,,,,,,,
//キラキラ17,,,,,,,,,,,,,,,,,,,,
//SRC定義,(NULL),gr,x,y,w,h,div_x,div_y,cycle,timer,op1,op2,op3,,,,,,,
#SRC_IMAGE,0,19,218,152,27,155,1,5,83,48,0,0,0,,,,,,,
//DST定義,(NULL),time,x,y,w,h,acc,a,r,g,b,blend,filter,angle,center,loop,timer,op1,op2,op3
#DST_IMAGE,0,533,163,451,27,31,0,255,255,255,255,2,0,0,0,-1,48,0,0,0
#DST_IMAGE,0,1316,163,413,27,31,0,255,255,255,255,2,0,0,0,,,,,
,,,,,,,,,,,,,,,,,,,,
//キラキラ18,,,,,,,,,,,,,,,,,,,,
//SRC定義,(NULL),gr,x,y,w,h,div_x,div_y,cycle,timer,op1,op2,op3,,,,,,,
#SRC_IMAGE,0,19,218,152,27,155,1,5,83,48,0,0,0,,,,,,,
//DST定義,(NULL),time,x,y,w,h,acc,a,r,g,b,blend,filter,angle,center,loop,timer,op1,op2,op3
#DST_IMAGE,0,566,221,451,27,31,0,255,255,255,255,2,0,0,0,-1,48,0,0,0
#DST_IMAGE,0,1266,221,352,27,31,0,255,255,255,255,2,0,0,0,,,,,
,,,,,,,,,,,,,,,,,,,,
//キラキラ19,,,,,,,,,,,,,,,,,,,,
//SRC定義,(NULL),gr,x,y,w,h,div_x,div_y,cycle,timer,op1,op2,op3,,,,,,,
#SRC_IMAGE,0,19,218,152,27,155,1,5,83,48,0,0,0,,,,,,,
//DST定義,(NULL),time,x,y,w,h,acc,a,r,g,b,blend,filter,angle,center,loop,timer,op1,op2,op3
#DST_IMAGE,0,616,275,451,27,31,0,255,255,255,255,2,0,0,0,-1,48,0,0,0
#DST_IMAGE,0,966,275,384,27,31,0,255,255,255,255,2,0,0,0,,,,,
,,,,,,,,,,,,,,,,,,,,
//キラキラ20,,,,,,,,,,,,,,,,,,,,
//SRC定義,(NULL),gr,x,y,w,h,div_x,div_y,cycle,timer,op1,op2,op3,,,,,,,
#SRC_IMAGE,0,19,218,152,27,155,1,5,83,48,0,0,0,,,,,,,
//DST定義,(NULL),time,x,y,w,h,acc,a,r,g,b,blend,filter,angle,center,loop,timer,op1,op2,op3
#DST_IMAGE,0,683,123,451,27,31,0,255,255,255,255,2,0,0,0,-1,48,0,0,0
#DST_IMAGE,0,1216,123,354,27,31,0,255,255,255,255,2,0,0,0,,,,,
,,,,,,,,,,,,,,,,,,,,
//キラキラ21,,,,,,,,,,,,,,,,,,,,
//SRC定義,(NULL),gr,x,y,w,h,div_x,div_y,cycle,timer,op1,op2,op3,,,,,,,
#SRC_IMAGE,0,19,218,152,27,155,1,5,83,48,0,0,0,,,,,,,
//DST定義,(NULL),time,x,y,w,h,acc,a,r,g,b,blend,filter,angle,center,loop,timer,op1,op2,op3
#DST_IMAGE,0,700,78,451,27,31,0,255,255,255,255,2,0,0,0,-1,48,0,0,0
#DST_IMAGE,0,1050,78,426,27,31,0,255,255,255,255,2,0,0,0,,,,,
,,,,,,,,,,,,,,,,,,,,
//キラキラ22,,,,,,,,,,,,,,,,,,,,
//SRC定義,(NULL),gr,x,y,w,h,div_x,div_y,cycle,timer,op1,op2,op3,,,,,,,
#SRC_IMAGE,0,19,218,152,27,155,1,5,83,48,0,0,0,,,,,,,
//DST定義,(NULL),time,x,y,w,h,acc,a,r,g,b,blend,filter,angle,center,loop,timer,op1,op2,op3
#DST_IMAGE,0,750,178,451,27,31,0,255,255,255,255,2,0,0,0,-1,48,0,0,0
#DST_IMAGE,0,1283,178,279,27,31,0,255,255,255,255,2,0,0,0,,,,,
,,,,,,,,,,,,,,,,,,,,
//キラキラ23,,,,,,,,,,,,,,,,,,,,
//SRC定義,(NULL),gr,x,y,w,h,div_x,div_y,cycle,timer,op1,op2,op3,,,,,,,
#SRC_IMAGE,0,19,218,152,27,155,1,5,83,48,0,0,0,,,,,,,
//DST定義,(NULL),time,x,y,w,h,acc,a,r,g,b,blend,filter,angle,center,loop,timer,op1,op2,op3
#DST_IMAGE,0,866,245,451,27,31,0,255,255,255,255,2,0,0,0,-1,48,0,0,0
#DST_IMAGE,0,1216,245,387,27,31,0,255,255,255,255,2,0,0,0,,,,,
,,,,,,,,,,,,,,,,,,,,
#ELSEIF,901,,,,,,,,,,,,,,,,,,,
,,,,,,,,,,,,,,,,,,,,
//歯車アニメ,,,,,,,,,,,,,,,,,,,,
//SRC定義,(NULL),gr,x,y,w,h,div_x,div_y,cycle,timer,op1,op2,op3,,,,,,,
#SRC_IMAGE,0,19,0,967,2516,1470,17,3,1690,48,0,0,0,,,,,,,
//DST定義,(NULL),time,x,y,w,h,acc,a,r,g,b,blend,filter,angle,center,loop,timer,op1,op2,op3
#DST_IMAGE,0,200,1011,82,148,490,0,255,255,255,255,2,0,0,0,-1,48,0,0,0
#DST_IMAGE,0,300,1011,50,148,490,0,255,255,255,255,2,0,0,0,,,,,
#DST_IMAGE,0,440,1011,25,148,490,0,255,255,255,255,2,0,0,0,,,,,
#DST_IMAGE,0,720,1011,0,148,490,0,255,255,255,255,2,0,0,0,,,,,
#DST_IMAGE,0,1889,1011,-5,148,490,0,255,255,255,255,2,0,0,0,,,,,
,,,,,,,,,,,,,,,,,,,,
//上昇する光1,,,,,,,,,,,,,,,,,,,,
//SRC定義,(NULL),gr,x,y,w,h,div_x,div_y,cycle,timer,op1,op2,op3,,,,,,,
#SRC_IMAGE,0,19,14,0,2,347,1,1,0,0,0,0,0,,,,,,,
//DST定義,(NULL),time,x,y,w,h,acc,a,r,g,b,blend,filter,angle,center,loop,timer,op1,op2,op3
#DST_IMAGE,0,33,974,482,2,-47,0,255,255,255,255,2,0,0,0,-1,48,0,0,0
#DST_IMAGE,0,133,974,467,2,-347,0,255,255,255,255,2,0,0,0,,,,,
#DST_IMAGE,0,266,974,47,2,-347,0,255,255,255,255,2,0,0,0,,,,,
,,,,,,,,,,,,,,,,,,,,
//上昇する光2,,,,,,,,,,,,,,,,,,,,
//SRC定義,(NULL),gr,x,y,w,h,div_x,div_y,cycle,timer,op1,op2,op3,,,,,,,
#SRC_IMAGE,0,19,14,0,2,347,1,1,0,0,0,0,0,,,,,,,
//DST定義,(NULL),time,x,y,w,h,acc,a,r,g,b,blend,filter,angle,center,loop,timer,op1,op2,op3
#DST_IMAGE,0,33,1058,482,2,-12,0,255,255,255,255,2,0,0,0,-1,48,0,0,0
#DST_IMAGE,0,383,1058,463,2,-347,0,255,255,255,255,2,0,0,0,,,,,
#DST_IMAGE,0,833,1058,9,2,-347,0,255,255,255,255,2,0,0,0,,,,,
,,,,,,,,,,,,,,,,,,,,
//上昇する光3,,,,,,,,,,,,,,,,,,,,
//SRC定義,(NULL),gr,x,y,w,h,div_x,div_y,cycle,timer,op1,op2,op3,,,,,,,
#SRC_IMAGE,0,19,14,0,2,347,1,1,0,0,0,0,0,,,,,,,
//DST定義,(NULL),time,x,y,w,h,acc,a,r,g,b,blend,filter,angle,center,loop,timer,op1,op2,op3
#DST_IMAGE,0,33,1085,482,2,-21,0,255,255,255,255,2,0,0,0,-1,48,0,0,0
#DST_IMAGE,0,216,1085,475,2,-347,0,255,255,255,255,2,0,0,0,,,,,
#DST_IMAGE,0,466,1085,22,2,-347,0,255,255,255,255,2,0,0,0,,,,,
,,,,,,,,,,,,,,,,,,,,
//上昇する光4,,,,,,,,,,,,,,,,,,,,
//SRC定義,(NULL),gr,x,y,w,h,div_x,div_y,cycle,timer,op1,op2,op3,,,,,,,
#SRC_IMAGE,0,19,14,0,2,347,1,1,0,0,0,0,0,,,,,,,
//DST定義,(NULL),time,x,y,w,h,acc,a,r,g,b,blend,filter,angle,center,loop,timer,op1,op2,op3
#DST_IMAGE,0,83,1025,482,2,-56,0,255,255,255,255,2,0,0,0,-1,48,0,0,0
#DST_IMAGE,0,166,1025,419,2,-347,0,255,255,255,255,2,0,0,0,,,,,
#DST_IMAGE,0,250,1025,65,2,-347,0,255,255,255,255,2,0,0,0,,,,,
,,,,,,,,,,,,,,,,,,,,
//上昇する光5,,,,,,,,,,,,,,,,,,,,
//SRC定義,(NULL),gr,x,y,w,h,div_x,div_y,cycle,timer,op1,op2,op3,,,,,,,
#SRC_IMAGE,0,19,14,0,2,347,1,1,0,0,0,0,0,,,,,,,
//DST定義,(NULL),time,x,y,w,h,acc,a,r,g,b,blend,filter,angle,center,loop,timer,op1,op2,op3
#DST_IMAGE,0,116,1175,482,2,-29,0,255,255,255,255,2,0,0,0,-1,48,0,0,0
#DST_IMAGE,0,283,1175,457,2,-347,0,255,255,255,255,2,0,0,0,,,,,
#DST_IMAGE,0,500,1175,11,2,-347,0,255,255,255,255,2,0,0,0,,,,,
,,,,,,,,,,,,,,,,,,,,
//上昇する光6,,,,,,,,,,,,,,,,,,,,
//SRC定義,(NULL),gr,x,y,w,h,div_x,div_y,cycle,timer,op1,op2,op3,,,,,,,
#SRC_IMAGE,0,19,14,0,2,347,1,1,0,0,0,0,0,,,,,,,
//DST定義,(NULL),time,x,y,w,h,acc,a,r,g,b,blend,filter,angle,center,loop,timer,op1,op2,op3
#DST_IMAGE,0,183,1135,482,2,-64,0,255,255,255,255,2,0,0,0,-1,48,0,0,0
#DST_IMAGE,0,266,1135,414,2,-347,0,255,255,255,255,2,0,0,0,,,,,
#DST_IMAGE,0,350,1135,64,2,-347,0,255,255,255,255,2,0,0,0,,,,,
,,,,,,,,,,,,,,,,,,,,
//上昇する光7,,,,,,,,,,,,,,,,,,,,
//SRC定義,(NULL),gr,x,y,w,h,div_x,div_y,cycle,timer,op1,op2,op3,,,,,,,
#SRC_IMAGE,0,19,14,0,2,347,1,1,0,0,0,0,0,,,,,,,
//DST定義,(NULL),time,x,y,w,h,acc,a,r,g,b,blend,filter,angle,center,loop,timer,op1,op2,op3
#DST_IMAGE,0,216,1101,482,2,-30,0,255,255,255,255,2,0,0,0,-1,48,0,0,0
#DST_IMAGE,0,383,1101,449,2,-347,0,255,255,255,255,2,0,0,0,,,,,
#DST_IMAGE,0,583,1101,30,2,-347,0,255,255,255,255,2,0,0,0,,,,,
,,,,,,,,,,,,,,,,,,,,
//上昇する光8,,,,,,,,,,,,,,,,,,,,
//SRC定義,(NULL),gr,x,y,w,h,div_x,div_y,cycle,timer,op1,op2,op3,,,,,,,
#SRC_IMAGE,0,19,14,0,2,347,1,1,0,0,0,0,0,,,,,,,
//DST定義,(NULL),time,x,y,w,h,acc,a,r,g,b,blend,filter,angle,center,loop,timer,op1,op2,op3
#DST_IMAGE,0,233,1001,482,2,-46,0,255,255,255,255,2,0,0,0,-1,48,0,0,0
#DST_IMAGE,0,333,1001,468,2,-347,0,255,255,255,255,2,0,0,0,,,,,
#DST_IMAGE,0,466,1001,47,2,-347,0,255,255,255,255,2,0,0,0,,,,,
,,,,,,,,,,,,,,,,,,,,
//上昇する光9,,,,,,,,,,,,,,,,,,,,
//SRC定義,(NULL),gr,x,y,w,h,div_x,div_y,cycle,timer,op1,op2,op3,,,,,,,
#SRC_IMAGE,0,19,14,0,2,347,1,1,0,0,0,0,0,,,,,,,
//DST定義,(NULL),time,x,y,w,h,acc,a,r,g,b,blend,filter,angle,center,loop,timer,op1,op2,op3
#DST_IMAGE,0,250,964,482,2,-28,0,255,255,255,255,2,0,0,0,-1,48,0,0,0
#DST_IMAGE,0,416,964,464,2,-347,0,255,255,255,255,2,0,0,0,,,,,
#DST_IMAGE,0,633,964,26,2,-347,0,255,255,255,255,2,0,0,0,,,,,
,,,,,,,,,,,,,,,,,,,,
//上昇する光10,,,,,,,,,,,,,,,,,,,,
//SRC定義,(NULL),gr,x,y,w,h,div_x,div_y,cycle,timer,op1,op2,op3,,,,,,,
#SRC_IMAGE,0,19,14,0,2,347,1,1,0,0,0,0,0,,,,,,,
//DST定義,(NULL),time,x,y,w,h,acc,a,r,g,b,blend,filter,angle,center,loop,timer,op1,op2,op3
#DST_IMAGE,0,400,1038,482,2,-20,0,255,255,255,255,2,0,0,0,-1,48,0,0,0
#DST_IMAGE,0,616,1038,467,2,-347,0,255,255,255,255,2,0,0,0,,,,,
#DST_IMAGE,0,900,1038,20,2,-347,0,255,255,255,255,2,0,0,0,,,,,
,,,,,,,,,,,,,,,,,,,,
//上昇する光11,,,,,,,,,,,,,,,,,,,,
//SRC定義,(NULL),gr,x,y,w,h,div_x,div_y,cycle,timer,op1,op2,op3,,,,,,,
#SRC_IMAGE,0,19,14,0,2,347,1,1,0,0,0,0,0,,,,,,,
//DST定義,(NULL),time,x,y,w,h,acc,a,r,g,b,blend,filter,angle,center,loop,timer,op1,op2,op3
#DST_IMAGE,0,416,1135,482,2,-44,0,255,255,255,255,2,0,0,0,-1,48,0,0,0
#DST_IMAGE,0,516,1135,468,2,-347,0,255,255,255,255,2,0,0,0,,,,,
#DST_IMAGE,0,650,1135,45,2,-347,0,255,255,255,255,2,0,0,0,,,,,
,,,,,,,,,,,,,,,,,,,,
//上昇する光12,,,,,,,,,,,,,,,,,,,,
//SRC定義,(NULL),gr,x,y,w,h,div_x,div_y,cycle,timer,op1,op2,op3,,,,,,,
#SRC_IMAGE,0,19,14,0,2,347,1,1,0,0,0,0,0,,,,,,,
//DST定義,(NULL),time,x,y,w,h,acc,a,r,g,b,blend,filter,angle,center,loop,timer,op1,op2,op3
#DST_IMAGE,0,450,1210,482,2,-41,0,255,255,255,255,2,0,0,0,-1,48,0,0,0
#DST_IMAGE,0,550,1210,470,2,-347,0,255,255,255,255,2,0,0,0,,,,,
#DST_IMAGE,0,683,1210,47,2,-347,0,255,255,255,255,2,0,0,0,,,,,
,,,,,,,,,,,,,,,,,,,,
//上昇する光13,,,,,,,,,,,,,,,,,,,,
//SRC定義,(NULL),gr,x,y,w,h,div_x,div_y,cycle,timer,op1,op2,op3,,,,,,,
#SRC_IMAGE,0,19,14,0,2,347,1,1,0,0,0,0,0,,,,,,,
//DST定義,(NULL),time,x,y,w,h,acc,a,r,g,b,blend,filter,angle,center,loop,timer,op1,op2,op3
#DST_IMAGE,0,450,994,482,2,-13,0,255,255,255,255,2,0,0,0,-1,48,0,0,0
#DST_IMAGE,0,750,994,480,2,-347,0,255,255,255,255,2,0,0,0,,,,,
#DST_IMAGE,0,1166,994,14,2,-347,0,255,255,255,255,2,0,0,0,,,,,
,,,,,,,,,,,,,,,,,,,,
//メイン1,,,,,,,,,,,,,,,,,,,,
//SRC定義,(NULL),gr,x,y,w,h,div_x,div_y,cycle,timer,op1,op2,op3,,,,,,,
#SRC_IMAGE,0,19,5,0,8,482,1,1,0,0,0,0,0,,,,,,,
//DST定義,(NULL),time,x,y,w,h,acc,a,r,g,b,blend,filter,angle,center,loop,timer,op1,op2,op3
#DST_IMAGE,0,16,942,482,288,0,0,255,255,255,255,2,0,0,0,-1,48,0,0,0
#DST_IMAGE,0,116,942,482,288,-482,0,255,255,255,255,2,0,0,0,,,,,
#DST_IMAGE,0,583,1085,482,2,-482,0,255,255,255,255,2,0,0,0,,,,,
#DST_IMAGE,0,833,1085,482,2,-482,0,130,255,255,255,2,0,0,0,,,,,
#DST_IMAGE,0,1233,1085,482,2,-482,0,0,255,255,255,2,0,0,0,,,,,
,,,,,,,,,,,,,,,,,,,,
//光,1,,,,,,,,,,,,,,,,,,,
//SRC定義,(NULL),gr,x,y,w,h,div_x,div_y,cycle,timer,op1,op2,op3,,,,,,,
#SRC_IMAGE,0,19,0,0,4,482,1,1,0,0,0,0,0,,,,,,,
//DST定義,(NULL),time,x,y,w,h,acc,a,r,g,b,blend,filter,angle,center,loop,timer,op1,op2,op3
#DST_IMAGE,0,150,1217,0,13,482,0,255,255,255,255,2,0,0,0,-1,48,0,0,0
#DST_IMAGE,0,800,1084,0,2,482,0,255,255,255,255,2,0,0,0,,,,,
,,,,,,,,,,,,,,,,,,,,
//光,2,,,,,,,,,,,,,,,,,,,
//SRC定義,(NULL),gr,x,y,w,h,div_x,div_y,cycle,timer,op1,op2,op3,,,,,,,
#SRC_IMAGE,0,19,0,0,4,482,1,1,0,0,0,0,0,,,,,,,
//DST定義,(NULL),time,x,y,w,h,acc,a,r,g,b,blend,filter,angle,center,loop,timer,op1,op2,op3
#DST_IMAGE,0,150,942,0,8,482,0,255,255,255,255,2,0,0,0,-1,48,0,0,0
#DST_IMAGE,0,816,1084,0,2,482,0,255,255,255,255,2,0,0,0,,,,,
,,,,,,,,,,,,,,,,,,,,
//光,3,,,,,,,,,,,,,,,,,,,
//SRC定義,(NULL),gr,x,y,w,h,div_x,div_y,cycle,timer,op1,op2,op3,,,,,,,
#SRC_IMAGE,0,19,0,0,4,482,1,1,0,0,0,0,0,,,,,,,
//DST定義,(NULL),time,x,y,w,h,acc,a,r,g,b,blend,filter,angle,center,loop,timer,op1,op2,op3
#DST_IMAGE,0,333,942,0,4,482,0,255,255,255,255,2,0,0,0,-1,48,0,0,0
#DST_IMAGE,0,816,1084,0,1,482,0,255,255,255,255,2,0,0,0,,,,,
,,,,,,,,,,,,,,,,,,,,
//光,4,,,,,,,,,,,,,,,,,,,
//SRC定義,(NULL),gr,x,y,w,h,div_x,div_y,cycle,timer,op1,op2,op3,,,,,,,
#SRC_IMAGE,0,19,0,0,4,482,1,1,0,0,0,0,0,,,,,,,
//DST定義,(NULL),time,x,y,w,h,acc,a,r,g,b,blend,filter,angle,center,loop,timer,op1,op2,op3
#DST_IMAGE,0,417,1217,0,4,482,0,255,255,255,255,2,0,0,0,-1,48,0,0,0
#DST_IMAGE,0,816,1085,0,1,482,0,255,255,255,255,2,0,0,0,,,,,
,,,,,,,,,,,,,,,,,,,,
//光,5,,,,,,,,,,,,,,,,,,,
//SRC定義,(NULL),gr,x,y,w,h,div_x,div_y,cycle,timer,op1,op2,op3,,,,,,,
#SRC_IMAGE,0,19,0,0,4,482,1,1,0,0,0,0,0,,,,,,,
//DST定義,(NULL),time,x,y,w,h,acc,a,r,g,b,blend,filter,angle,center,loop,timer,op1,op2,op3
#DST_IMAGE,0,483,1217,0,4,482,0,255,255,255,255,2,0,0,0,-1,48,0,0,0
#DST_IMAGE,0,816,1085,0,1,482,0,255,255,255,255,2,0,0,0,,,,,
,,,,,,,,,,,,,,,,,,,,
//光,6,,,,,,,,,,,,,,,,,,,
//SRC定義,(NULL),gr,x,y,w,h,div_x,div_y,cycle,timer,op1,op2,op3,,,,,,,
#SRC_IMAGE,0,19,0,0,4,482,1,1,0,0,0,0,0,,,,,,,
//DST定義,(NULL),time,x,y,w,h,acc,a,r,g,b,blend,filter,angle,center,loop,timer,op1,op2,op3
#DST_IMAGE,0,583,942,0,3,482,0,255,255,255,255,2,0,0,0,-1,48,0,0,0
#DST_IMAGE,0,833,1084,0,1,482,0,255,255,255,255,2,0,0,0,,,,,
,,,,,,,,,,,,,,,,,,,,
//メイン2,,,,,,,,,,,,,,,,,,,,
//SRC定義,(NULL),gr,x,y,w,h,div_x,div_y,cycle,timer,op1,op2,op3,,,,,,,
#SRC_IMAGE,0,19,5,0,8,482,1,1,0,0,0,0,0,,,,,,,
//DST定義,(NULL),time,x,y,w,h,acc,a,r,g,b,blend,filter,angle,center,loop,timer,op1,op2,op3
#DST_IMAGE,0,16,942,482,288,-482,0,0,255,255,255,2,0,0,0,-1,48,0,0,0
#DST_IMAGE,0,183,942,482,288,-482,0,255,255,255,255,2,0,0,0,,,,,
#DST_IMAGE,0,333,942,482,288,-482,0,255,255,255,255,2,0,0,0,,,,,
#DST_IMAGE,0,683,942,482,288,-482,0,0,255,255,255,2,0,0,0,,,,,
,,,,,,,,,,,,,,,,,,,,
//メイン3,,,,,,,,,,,,,,,,,,,,
//SRC定義,(NULL),gr,x,y,w,h,div_x,div_y,cycle,timer,op1,op2,op3,,,,,,,
#SRC_IMAGE,0,19,17,0,458,151,1,1,0,0,0,0,0,,,,,,,
//DST定義,(NULL),time,x,y,w,h,acc,a,r,g,b,blend,filter,angle,center,loop,timer,op1,op2,op3
#DST_IMAGE,0,33,855,406,458,151,0,40,255,255,255,2,0,0,0,-1,48,0,0,0
#DST_IMAGE,0,133,855,181,458,604,0,255,255,255,255,2,0,0,0,,,,,
#DST_IMAGE,0,516,855,263,458,439,0,250,255,255,255,2,0,0,0,,,,,
#DST_IMAGE,0,833,855,331,458,302,0,150,255,255,255,2,0,0,0,,,,,
#DST_IMAGE,0,1316,855,331,458,302,0,0,255,255,255,2,0,0,0,,,,,
,,,,,,,,,,,,,,,,,,,,
//メイン4,,,,,,,,,,,,,,,,,,,,
//SRC定義,(NULL),gr,x,y,w,h,div_x,div_y,cycle,timer,op1,op2,op3,,,,,,,
#SRC_IMAGE,0,19,211,0,60,151,1,1,0,0,0,0,0,,,,,,,
//DST定義,(NULL),time,x,y,w,h,acc,a,r,g,b,blend,filter,angle,center,loop,timer,op1,op2,op3
#DST_IMAGE,0,366,844,124,482,235,0,30,255,255,255,2,0,90,0,-1,48,0,0,0
#DST_IMAGE,0,500,844,150,482,181,0,255,255,255,255,2,0,90,0,,,,,
#DST_IMAGE,0,816,844,216,482,51,0,100,255,255,255,2,0,90,0,,,,,
#DST_IMAGE,0,1050,844,216,482,51,0,0,255,255,255,2,0,90,0,,,,,
,,,,,,,,,,,,,,,,,,,,
//フラッシュ1,,,,,,,,,,,,,,,,,,,,
//SRC定義,(NULL),gr,x,y,w,h,div_x,div_y,cycle,timer,op1,op2,op3,,,,,,,
#SRC_IMAGE,0,19,17,152,200,173,1,1,0,0,0,0,0,,,,,,,
//DST定義,(NULL),time,x,y,w,h,acc,a,r,g,b,blend,filter,angle,center,loop,timer,op1,op2,op3
#DST_IMAGE,0,16,684,132,800,692,0,255,255,255,255,2,0,0,0,-1,48,0,0,0
#DST_IMAGE,0,116,884,304,400,346,0,255,255,255,255,2,0,0,0,,,,,
#DST_IMAGE,0,283,884,304,400,346,0,0,255,255,255,2,0,0,0,,,,,
,,,,,,,,,,,,,,,,,,,,
//フラッシュ2,,,,,,,,,,,,,,,,,,,,
//SRC定義,(NULL),gr,x,y,w,h,div_x,div_y,cycle,timer,op1,op2,op3,,,,,,,
#SRC_IMAGE,0,19,17,326,640,640,1,1,0,0,0,0,0,,,,,,,
//DST定義,(NULL),time,x,y,w,h,acc,a,r,g,b,blend,filter,angle,center,loop,timer,op1,op2,op3
#DST_IMAGE,0,16,980,356,200,200,0,255,255,255,255,2,0,0,0,-1,48,0,0,0
#DST_IMAGE,0,183,616,-8,930,930,0,255,255,255,255,2,0,0,0,,,,,
#DST_IMAGE,0,350,440,-184,1280,1280,0,0,255,255,255,2,0,0,0,,,,,
,,,,,,,,,,,,,,,,,,,,
//リング,,,,,,,,,,,,,,,,,,,,
//SRC定義,(NULL),gr,x,y,w,h,div_x,div_y,cycle,timer,op1,op2,op3,,,,,,,
#SRC_IMAGE,0,19,476,0,368,304,1,1,0,0,0,0,0,,,,,,,
//DST定義,(NULL),time,x,y,w,h,acc,a,r,g,b,blend,filter,angle,center,loop,timer,op1,op2,op3
#DST_IMAGE,0,16,991,383,185,153,0,255,255,255,255,2,0,0,0,-1,48,0,0,0
#DST_IMAGE,0,116,909,315,350,289,0,255,255,255,255,2,0,0,0,,,,,
#DST_IMAGE,0,350,734,171,700,578,0,0,255,255,255,2,0,0,0,,,,,
,,,,,,,,,,,,,,,,,,,,
/輪1,,,,,,,,,,,,,,,,,,,,
//SRC定義,(NULL),gr,x,y,w,h,div_x,div_y,cycle,timer,op1,op2,op3,,,,,,,
#SRC_IMAGE,0,19,658,305,320,320,1,1,0,0,0,0,0,,,,,,,
//DST定義,(NULL),time,x,y,w,h,acc,a,r,g,b,blend,filter,angle,center,loop,timer,op1,op2,op3
#DST_IMAGE,0,50,923,299,320,320,0,255,255,255,255,2,0,-359,0,-1,48,0,0,0
#DST_IMAGE,0,583,611,-13,944,944,0,128,255,255,255,2,0,-13,0,,,,,
,,,,,,,,,,,,,,,,,,,,
/輪2,,,,,,,,,,,,,,,,,,,,
//SRC定義,(NULL),gr,x,y,w,h,div_x,div_y,cycle,timer,op1,op2,op3,,,,,,,
#SRC_IMAGE,0,19,658,305,320,320,1,1,0,0,0,0,0,,,,,,,
//DST定義,(NULL),time,x,y,w,h,acc,a,r,g,b,blend,filter,angle,center,loop,timer,op1,op2,op3
#DST_IMAGE,0,50,1076,452,13,13,0,255,255,255,255,2,0,-165,0,-1,48,0,0,0
#DST_IMAGE,0,583,611,-13,944,944,0,128,255,255,255,2,0,167,0,,,,,
,,,,,,,,,,,,,,,,,,,,
/ビーム,,,,,,,,,,,,,,,,,,,,
//SRC定義,(NULL),gr,x,y,w,h,div_x,div_y,cycle,timer,op1,op2,op3,,,,,,,
#SRC_IMAGE,0,19,979,0,80,642,1,1,0,0,0,0,0,,,,,,,
//DST定義,(NULL),time,x,y,w,h,acc,a,r,g,b,blend,filter,angle,center,loop,timer,op1,op2,op3
#DST_IMAGE,0,583,-564,401,3300,81,0,255,255,255,255,2,0,0,0,-1,48,0,0,0
#DST_IMAGE,0,700,1005,-160,160,642,0,255,255,255,255,2,0,0,0,,,,,
#DST_IMAGE,0,1366,1085,-160,0,642,0,255,255,255,255,2,0,0,0,,,,,
,,,,,,,,,,,,,,,,,,,,
//キラキラ1,,,,,,,,,,,,,,,,,,,,
//SRC定義,(NULL),gr,x,y,w,h,div_x,div_y,cycle,timer,op1,op2,op3,,,,,,,
#SRC_IMAGE,0,19,218,152,27,155,1,5,83,48,0,0,0,,,,,,,
//DST定義,(NULL),time,x,y,w,h,acc,a,r,g,b,blend,filter,angle,center,loop,timer,op1,op2,op3
#DST_IMAGE,0,16,996,449,27,31,0,255,255,255,255,2,0,0,0,-1,48,0,0,0
#DST_IMAGE,0,800,996,360,27,31,0,255,255,255,255,2,0,0,0,,,,,
,,,,,,,,,,,,,,,,,,,,
//キラキラ2,,,,,,,,,,,,,,,,,,,,
//SRC定義,(NULL),gr,x,y,w,h,div_x,div_y,cycle,timer,op1,op2,op3,,,,,,,
#SRC_IMAGE,0,19,218,152,27,155,1,5,83,48,0,0,0,,,,,,,
//DST定義,(NULL),time,x,y,w,h,acc,a,r,g,b,blend,filter,angle,center,loop,timer,op1,op2,op3
#DST_IMAGE,0,150,1134,449,27,31,0,255,255,255,255,2,0,0,0,-1,48,0,0,0
#DST_IMAGE,0,833,1134,317,27,31,0,255,255,255,255,2,0,0,0,,,,,
,,,,,,,,,,,,,,,,,,,,
//キラキラ3,,,,,,,,,,,,,,,,,,,,
//SRC定義,(NULL),gr,x,y,w,h,div_x,div_y,cycle,timer,op1,op2,op3,,,,,,,
#SRC_IMAGE,0,19,218,152,27,155,1,5,83,48,0,0,0,,,,,,,
//DST定義,(NULL),time,x,y,w,h,acc,a,r,g,b,blend,filter,angle,center,loop,timer,op1,op2,op3
#DST_IMAGE,0,183,1058,449,27,31,0,255,255,255,255,2,0,0,0,-1,48,0,0,0
#DST_IMAGE,0,1016,1058,110,27,31,0,255,255,255,255,2,0,0,0,,,,,
,,,,,,,,,,,,,,,,,,,,
//キラキラ4,,,,,,,,,,,,,,,,,,,,
//SRC定義,(NULL),gr,x,y,w,h,div_x,div_y,cycle,timer,op1,op2,op3,,,,,,,
#SRC_IMAGE,0,19,218,152,27,155,1,5,83,48,0,0,0,,,,,,,
//DST定義,(NULL),time,x,y,w,h,acc,a,r,g,b,blend,filter,angle,center,loop,timer,op1,op2,op3
#DST_IMAGE,0,233,1092,449,27,31,0,255,255,255,255,2,0,0,0,-1,48,0,0,0
#DST_IMAGE,0,916,1092,249,27,31,0,255,255,255,255,2,0,0,0,,,,,
,,,,,,,,,,,,,,,,,,,,
//キラキラ5,,,,,,,,,,,,,,,,,,,,
//SRC定義,(NULL),gr,x,y,w,h,div_x,div_y,cycle,timer,op1,op2,op3,,,,,,,
#SRC_IMAGE,0,19,218,152,27,155,1,5,83,48,0,0,0,,,,,,,
//DST定義,(NULL),time,x,y,w,h,acc,a,r,g,b,blend,filter,angle,center,loop,timer,op1,op2,op3
#DST_IMAGE,0,250,1027,449,27,31,0,255,255,255,255,2,0,0,0,-1,48,0,0,0
#DST_IMAGE,0,933,1027,263,27,31,0,255,255,255,255,2,0,0,0,,,,,
,,,,,,,,,,,,,,,,,,,,
//キラキラ6,,,,,,,,,,,,,,,,,,,,
//SRC定義,(NULL),gr,x,y,w,h,div_x,div_y,cycle,timer,op1,op2,op3,,,,,,,
#SRC_IMAGE,0,19,218,152,27,155,1,5,83,48,0,0,0,,,,,,,
//DST定義,(NULL),time,x,y,w,h,acc,a,r,g,b,blend,filter,angle,center,loop,timer,op1,op2,op3
#DST_IMAGE,0,266,1123,449,27,31,0,255,255,255,255,2,0,0,0,-1,48,0,0,0
#DST_IMAGE,0,1050,1123,270,27,31,0,255,255,255,255,2,0,0,0,,,,,
,,,,,,,,,,,,,,,,,,,,
//キラキラ7,,,,,,,,,,,,,,,,,,,,
//SRC定義,(NULL),gr,x,y,w,h,div_x,div_y,cycle,timer,op1,op2,op3,,,,,,,
#SRC_IMAGE,0,19,218,152,27,155,1,5,83,48,0,0,0,,,,,,,
//DST定義,(NULL),time,x,y,w,h,acc,a,r,g,b,blend,filter,angle,center,loop,timer,op1,op2,op3
#DST_IMAGE,0,283,1085,451,27,31,0,255,255,255,255,2,0,0,0,-1,48,0,0,0
#DST_IMAGE,0,900,1085,127,27,31,0,255,255,255,255,2,0,0,0,,,,,
,,,,,,,,,,,,,,,,,,,,
//キラキラ8,,,,,,,,,,,,,,,,,,,,
//SRC定義,(NULL),gr,x,y,w,h,div_x,div_y,cycle,timer,op1,op2,op3,,,,,,,
#SRC_IMAGE,0,19,218,152,27,155,1,5,83,48,0,0,0,,,,,,,
//DST定義,(NULL),time,x,y,w,h,acc,a,r,g,b,blend,filter,angle,center,loop,timer,op1,op2,op3
#DST_IMAGE,0,350,986,449,27,31,0,255,255,255,255,2,0,0,0,-1,48,0,0,0
#DST_IMAGE,0,1133,986,297,27,31,0,255,255,255,255,2,0,0,0,,,,,
,,,,,,,,,,,,,,,,,,,,
//キラキラ9,,,,,,,,,,,,,,,,,,,,
//SRC定義,(NULL),gr,x,y,w,h,div_x,div_y,cycle,timer,op1,op2,op3,,,,,,,
#SRC_IMAGE,0,19,218,152,27,155,1,5,83,48,0,0,0,,,,,,,
//DST定義,(NULL),time,x,y,w,h,acc,a,r,g,b,blend,filter,angle,center,loop,timer,op1,op2,op3
#DST_IMAGE,0,350,1097,449,27,31,0,255,255,255,255,2,0,0,0,-1,48,0,0,0
#DST_IMAGE,0,1100,1097,312,27,31,0,255,255,255,255,2,0,0,0,,,,,
,,,,,,,,,,,,,,,,,,,,
//キラキラ10,,,,,,,,,,,,,,,,,,,,
//SRC定義,(NULL),gr,x,y,w,h,div_x,div_y,cycle,timer,op1,op2,op3,,,,,,,
#SRC_IMAGE,0,19,218,152,27,155,1,5,83,48,0,0,0,,,,,,,
//DST定義,(NULL),time,x,y,w,h,acc,a,r,g,b,blend,filter,angle,center,loop,timer,op1,op2,op3
#DST_IMAGE,0,383,1063,451,27,31,0,255,255,255,255,2,0,0,0,-1,48,0,0,0
#DST_IMAGE,0,1166,1063,186,27,31,0,255,255,255,255,2,0,0,0,,,,,
,,,,,,,,,,,,,,,,,,,,
//キラキラ11,,,,,,,,,,,,,,,,,,,,
//SRC定義,(NULL),gr,x,y,w,h,div_x,div_y,cycle,timer,op1,op2,op3,,,,,,,
#SRC_IMAGE,0,19,218,152,27,155,1,5,83,48,0,0,0,,,,,,,
//DST定義,(NULL),time,x,y,w,h,acc,a,r,g,b,blend,filter,angle,center,loop,timer,op1,op2,op3
#DST_IMAGE,0,383,1103,451,27,31,0,255,255,255,255,2,0,0,0,-1,48,0,0,0
#DST_IMAGE,0,1166,1103,245,27,31,0,255,255,255,255,2,0,0,0,,,,,
,,,,,,,,,,,,,,,,,,,,
//キラキラ12,,,,,,,,,,,,,,,,,,,,
//SRC定義,(NULL),gr,x,y,w,h,div_x,div_y,cycle,timer,op1,op2,op3,,,,,,,
#SRC_IMAGE,0,19,218,152,27,155,1,5,83,48,0,0,0,,,,,,,
//DST定義,(NULL),time,x,y,w,h,acc,a,r,g,b,blend,filter,angle,center,loop,timer,op1,op2,op3
#DST_IMAGE,0,433,1082,451,27,31,0,255,255,255,255,2,0,0,0,-1,48,0,0,0
#DST_IMAGE,0,783,1082,391,27,31,0,255,255,255,255,2,0,0,0,,,,,
#DST_IMAGE,0,1033,1082,291,27,31,0,255,255,255,255,2,0,0,0,,,,,
,,,,,,,,,,,,,,,,,,,,
//キラキラ13,,,,,,,,,,,,,,,,,,,,
//SRC定義,(NULL),gr,x,y,w,h,div_x,div_y,cycle,timer,op1,op2,op3,,,,,,,
#SRC_IMAGE,0,19,218,152,27,155,1,5,83,48,0,0,0,,,,,,,
//DST定義,(NULL),time,x,y,w,h,acc,a,r,g,b,blend,filter,angle,center,loop,timer,op1,op2,op3
#DST_IMAGE,0,483,1039,451,27,31,0,255,255,255,255,2,0,0,0,-1,48,0,0,0
#DST_IMAGE,0,833,1039,322,27,31,0,255,255,255,255,2,0,0,0,,,,,
,,,,,,,,,,,,,,,,,,,,
//キラキラ14,,,,,,,,,,,,,,,,,,,,
//SRC定義,(NULL),gr,x,y,w,h,div_x,div_y,cycle,timer,op1,op2,op3,,,,,,,
#SRC_IMAGE,0,19,218,152,27,155,1,5,83,48,0,0,0,,,,,,,
//DST定義,(NULL),time,x,y,w,h,acc,a,r,g,b,blend,filter,angle,center,loop,timer,op1,op2,op3
#DST_IMAGE,0,500,1047,449,27,31,0,255,255,255,255,2,0,0,0,-1,48,0,0,0
#DST_IMAGE,0,1183,1047,-12,27,31,0,255,255,255,255,2,0,0,0,,,,,
,,,,,,,,,,,,,,,,,,,,
//キラキラ15,,,,,,,,,,,,,,,,,,,,
//SRC定義,(NULL),gr,x,y,w,h,div_x,div_y,cycle,timer,op1,op2,op3,,,,,,,
#SRC_IMAGE,0,19,218,152,27,155,1,5,83,48,0,0,0,,,,,,,
//DST定義,(NULL),time,x,y,w,h,acc,a,r,g,b,blend,filter,angle,center,loop,timer,op1,op2,op3
#DST_IMAGE,0,500,1078,449,27,31,0,255,255,255,255,2,0,0,0,-1,48,0,0,0
#DST_IMAGE,0,1283,1078,40,27,31,0,255,255,255,255,2,0,0,0,,,,,
,,,,,,,,,,,,,,,,,,,,
//キラキラ16,,,,,,,,,,,,,,,,,,,,
//SRC定義,(NULL),gr,x,y,w,h,div_x,div_y,cycle,timer,op1,op2,op3,,,,,,,
#SRC_IMAGE,0,19,218,152,27,155,1,5,83,48,0,0,0,,,,,,,
//DST定義,(NULL),time,x,y,w,h,acc,a,r,g,b,blend,filter,angle,center,loop,timer,op1,op2,op3
#DST_IMAGE,0,500,1093,449,27,31,0,255,255,255,255,2,0,0,0,-1,48,0,0,0
#DST_IMAGE,0,1266,1093,-15,27,31,0,255,255,255,255,2,0,0,0,,,,,
,,,,,,,,,,,,,,,,,,,,
//キラキラ17,,,,,,,,,,,,,,,,,,,,
//SRC定義,(NULL),gr,x,y,w,h,div_x,div_y,cycle,timer,op1,op2,op3,,,,,,,
#SRC_IMAGE,0,19,218,152,27,155,1,5,83,48,0,0,0,,,,,,,
//DST定義,(NULL),time,x,y,w,h,acc,a,r,g,b,blend,filter,angle,center,loop,timer,op1,op2,op3
#DST_IMAGE,0,533,1055,451,27,31,0,255,255,255,255,2,0,0,0,-1,48,0,0,0
#DST_IMAGE,0,1316,1055,413,27,31,0,255,255,255,255,2,0,0,0,,,,,
,,,,,,,,,,,,,,,,,,,,
//キラキラ18,,,,,,,,,,,,,,,,,,,,
//SRC定義,(NULL),gr,x,y,w,h,div_x,div_y,cycle,timer,op1,op2,op3,,,,,,,
#SRC_IMAGE,0,19,218,152,27,155,1,5,83,48,0,0,0,,,,,,,
//DST定義,(NULL),time,x,y,w,h,acc,a,r,g,b,blend,filter,angle,center,loop,timer,op1,op2,op3
#DST_IMAGE,0,566,1113,451,27,31,0,255,255,255,255,2,0,0,0,-1,48,0,0,0
#DST_IMAGE,0,1266,1113,352,27,31,0,255,255,255,255,2,0,0,0,,,,,
,,,,,,,,,,,,,,,,,,,,
//キラキラ19,,,,,,,,,,,,,,,,,,,,
//SRC定義,(NULL),gr,x,y,w,h,div_x,div_y,cycle,timer,op1,op2,op3,,,,,,,
#SRC_IMAGE,0,19,218,152,27,155,1,5,83,48,0,0,0,,,,,,,
//DST定義,(NULL),time,x,y,w,h,acc,a,r,g,b,blend,filter,angle,center,loop,timer,op1,op2,op3
#DST_IMAGE,0,616,1167,451,27,31,0,255,255,255,255,2,0,0,0,-1,48,0,0,0
#DST_IMAGE,0,966,1167,384,27,31,0,255,255,255,255,2,0,0,0,,,,,
,,,,,,,,,,,,,,,,,,,,
//キラキラ20,,,,,,,,,,,,,,,,,,,,
//SRC定義,(NULL),gr,x,y,w,h,div_x,div_y,cycle,timer,op1,op2,op3,,,,,,,
#SRC_IMAGE,0,19,218,152,27,155,1,5,83,48,0,0,0,,,,,,,
//DST定義,(NULL),time,x,y,w,h,acc,a,r,g,b,blend,filter,angle,center,loop,timer,op1,op2,op3
#DST_IMAGE,0,683,1015,451,27,31,0,255,255,255,255,2,0,0,0,-1,48,0,0,0
#DST_IMAGE,0,1216,1015,354,27,31,0,255,255,255,255,2,0,0,0,,,,,
,,,,,,,,,,,,,,,,,,,,
//キラキラ21,,,,,,,,,,,,,,,,,,,,
//SRC定義,(NULL),gr,x,y,w,h,div_x,div_y,cycle,timer,op1,op2,op3,,,,,,,
#SRC_IMAGE,0,19,218,152,27,155,1,5,83,48,0,0,0,,,,,,,
//DST定義,(NULL),time,x,y,w,h,acc,a,r,g,b,blend,filter,angle,center,loop,timer,op1,op2,op3
#DST_IMAGE,0,700,970,451,27,31,0,255,255,255,255,2,0,0,0,-1,48,0,0,0
#DST_IMAGE,0,1050,970,426,27,31,0,255,255,255,255,2,0,0,0,,,,,
,,,,,,,,,,,,,,,,,,,,
//キラキラ22,,,,,,,,,,,,,,,,,,,,
//SRC定義,(NULL),gr,x,y,w,h,div_x,div_y,cycle,timer,op1,op2,op3,,,,,,,
#SRC_IMAGE,0,19,218,152,27,155,1,5,83,48,0,0,0,,,,,,,
//DST定義,(NULL),time,x,y,w,h,acc,a,r,g,b,blend,filter,angle,center,loop,timer,op1,op2,op3
#DST_IMAGE,0,750,1070,451,27,31,0,255,255,255,255,2,0,0,0,-1,48,0,0,0
#DST_IMAGE,0,1283,1070,279,27,31,0,255,255,255,255,2,0,0,0,,,,,
,,,,,,,,,,,,,,,,,,,,
//キラキラ23,,,,,,,,,,,,,,,,,,,,
//SRC定義,(NULL),gr,x,y,w,h,div_x,div_y,cycle,timer,op1,op2,op3,,,,,,,
#SRC_IMAGE,0,19,218,152,27,155,1,5,83,48,0,0,0,,,,,,,
//DST定義,(NULL),time,x,y,w,h,acc,a,r,g,b,blend,filter,angle,center,loop,timer,op1,op2,op3
#DST_IMAGE,0,866,1137,451,27,31,0,255,255,255,255,2,0,0,0,-1,48,0,0,0
#DST_IMAGE,0,1216,1137,387,27,31,0,255,255,255,255,2,0,0,0,,,,,
,,,,,,,,,,,,,,,,,,,,
#ENDIF,,,,,,,,,,,,,,,,,,,,
,,,,,,,,,,,,,,,,,,,,
//ダミー,,,,,,,,,,,,,,,,,,,,
//SRC定義,(NULL),gr,x,y,w,h,div_x,div_y,cycle,timer,op1,op2,op3,,,,,,,
#SRC_IMAGE,0,19,0,0,1,1,1,1,0,0,0,0,0,,,,,,,
//DST定義,(NULL),time,x,y,w,h,acc,a,r,g,b,blend,filter,angle,center,loop,timer,op1,op2,op3
#DST_IMAGE,0,0,0,721,1,1,0,255,255,255,255,0,0,0,0,-1,0,0,0,0
#IF,900,,,,
"//""FULL COMBO""///////////////////////////////////////////////////////////////////////////////////",,,,,,,,,,,,,,,,,,,,,
,,,,,,,,,,,,,,,,,,,,,
"//""COMBO""",,,,,,,,,,,,,,,,,,,,,
//SRC定義,(NULL),gr,x,y,w,h,div_x,div_y,cycle,timer,op1,op2,op3,,,,,,,,
#SRC_IMAGE,0,1,0,870,270,42,1,1,0,0,0,0,0,,,,,,,,
//DST定義,(NULL),time,x,y,w,h,acc,a,r,g,b,blend,filter,angle,center,loop,timer,op1,op2,op3,
#DST_IMAGE,0,550,168,262,270,42,0,30,255,255,255,1,0,0,0,-1,48,0,0,0,
#DST_IMAGE,0,700,86,262,270,42,0,255,255,255,255,1,0,0,0,,,,,,
#DST_IMAGE,0,1700,54,262,270,42,0,255,255,255,255,1,0,0,0,,,,,,
#DST_IMAGE,0,1850,-112,262,270,42,0,30,255,255,255,1,0,0,0,,,,,,
,,,,,,,,,,,,,,,,,,,,,
"//""FULL""",,,,,,,,,,,,,,,,,,,,,
//SRC定義,(NULL),gr,x,y,w,h,div_x,div_y,cycle,timer,op1,op2,op3,,,,,,,,
#SRC_IMAGE,0,1,385,250,214,42,1,1,0,0,0,0,0,,,,,,,,
//DST定義,(NULL),time,x,y,w,h,acc,a,r,g,b,blend,filter,angle,center,loop,timer,op1,op2,op3,
#DST_IMAGE,0,550,-62,226,214,42,0,30,255,255,255,1,0,0,0,-1,48,0,0,0,
#DST_IMAGE,0,700,20,226,214,42,0,255,255,255,255,1,0,0,0,,,,,,
#DST_IMAGE,0,1700,52,226,214,42,0,255,255,255,255,1,0,0,0,,,,,,
#DST_IMAGE,0,1850,218,226,214,42,0,30,255,255,255,1,0,0,0,,,,,,
,,,,,,,,,,,,,,,,,,,,,
,,,,,,,,,,,,,,,,,,,,,
"//""COMBO""テカリ",,,,,,,,,,,,,,,,,,,,,
//SRC定義,(NULL),gr,x,y,w,h,div_x,div_y,cycle,timer,op1,op2,op3,,,,,,,,
#SRC_IMAGE,0,1,0,920,244,48,1,2,33,48,0,0,0,,,,,,,,
//DST定義,(NULL),time,x,y,w,h,acc,a,r,g,b,blend,filter,angle,center,loop,timer,op1,op2,op3,
#DST_IMAGE,0,550,180,270,244,24,0,10,255,255,255,2,0,0,0,-1,48,0,0,0,
#DST_IMAGE,0,700,98,270,244,24,0,255,255,255,255,2,0,0,0,,,,,,
#DST_IMAGE,0,1700,66,270,244,24,0,255,255,255,255,2,0,0,0,,,,,,
#DST_IMAGE,0,1850,-100,270,244,24,0,10,255,255,255,2,0,0,0,,,,,,
,,,,,,,,,,,,,,,,,,,,,
"//""FULL""テカリ",,,,,,,,,,,,,,,,,,,,,
//SRC定義,(NULL),gr,x,y,w,h,div_x,div_y,cycle,timer,op1,op2,op3,,,,,,,,
#SRC_IMAGE,0,1,390,300,190,48,1,2,33,48,0,0,0,,,,,,,,
//DST定義,(NULL),time,x,y,w,h,acc,a,r,g,b,blend,filter,angle,center,loop,timer,op1,op2,op3,
#DST_IMAGE,0,550,-50,234,190,24,0,10,255,255,255,2,0,0,0,-1,48,0,0,0,
#DST_IMAGE,0,700,32,234,190,24,0,255,255,255,255,2,0,0,0,,,,,,
#DST_IMAGE,0,1700,64,234,190,24,0,255,255,255,255,2,0,0,0,,,,,,
#DST_IMAGE,0,1850,230,234,190,24,0,10,255,255,255,2,0,0,0,,,,,,
,,,,,,,,,,,,,,,,,,,,,
"//""F""テカリ",,,,,,,,,,,,,,,,,,,,,
//SRC定義,(NULL),gr,x,y,w,h,div_x,div_y,cycle,timer,op1,op2,op3,,,,,,,,
#SRC_IMAGE,0,1,400,350,54,27,1,1,0,0,0,0,0,,,,,,,,
//DST定義,(NULL),time,x,y,w,h,acc,a,r,g,b,blend,filter,angle,center,loop,timer,op1,op2,op3,
#DST_IMAGE,0,866,34,232,54,27,0,255,255,255,255,1,0,0,0,-1,48,0,0,0,
#DST_IMAGE,0,899,36,232,54,27,0,255,255,255,255,1,0,0,0,,,,,,
,,,,,,,,,,,,,,,,,,,,,
"//""U""テカリ",,,,,,,,,,,,,,,,,,,,,
//SRC定義,(NULL),gr,x,y,w,h,div_x,div_y,cycle,timer,op1,op2,op3,,,,,,,,
#SRC_IMAGE,0,1,460,350,54,27,1,1,0,0,0,0,0,,,,,,,,
//DST定義,(NULL),time,x,y,w,h,acc,a,r,g,b,blend,filter,angle,center,loop,timer,op1,op2,op3,
#DST_IMAGE,0,900,84,232,54,27,0,255,255,255,255,1,0,0,0,-1,48,0,0,0,
#DST_IMAGE,0,932,86,232,54,27,0,255,255,255,255,1,0,0,0,,,,,,
,,,,,,,,,,,,,,,,,,,,,
"//""L""テカリ",,,,,,,,,,,,,,,,,,,,,
//SRC定義,(NULL),gr,x,y,w,h,div_x,div_y,cycle,timer,op1,op2,op3,,,,,,,,
#SRC_IMAGE,0,1,520,350,48,27,1,1,0,0,0,0,0,,,,,,,,
//DST定義,(NULL),time,x,y,w,h,acc,a,r,g,b,blend,filter,angle,center,loop,timer,op1,op2,op3,
#DST_IMAGE,0,933,132,232,48,27,0,255,255,255,255,1,0,0,0,-1,48,0,0,0,
#DST_IMAGE,0,965,134,232,48,27,0,255,255,255,255,1,0,0,0,,,,,,
,,,,,,,,,,,,,,,,,,,,,
"//""L""テカリ",,,,,,,,,,,,,,,,,,,,,
//SRC定義,(NULL),gr,x,y,w,h,div_x,div_y,cycle,timer,op1,op2,op3,,,,,,,,
#SRC_IMAGE,0,1,520,350,48,27,1,1,0,0,0,0,0,,,,,,,,
//DST定義,(NULL),time,x,y,w,h,acc,a,r,g,b,blend,filter,angle,center,loop,timer,op1,op2,op3,
#DST_IMAGE,0,966,182,232,48,27,0,255,255,255,255,1,0,0,0,-1,48,0,0,0,
#DST_IMAGE,0,999,184,232,48,27,0,255,255,255,255,1,0,0,0,,,,,,
,,,,,,,,,,,,,,,,,,,,,
"//""C""テカリ",,,,,,,,,,,,,,,,,,,,,
//SRC定義,(NULL),gr,x,y,w,h,div_x,div_y,cycle,timer,op1,op2,op3,,,,,,,,
#SRC_IMAGE,0,1,400,380,54,27,1,1,0,0,0,0,0,,,,,,,,
//DST定義,(NULL),time,x,y,w,h,acc,a,r,g,b,blend,filter,angle,center,loop,timer,op1,op2,op3,
#DST_IMAGE,0,1000,88,269,54,27,0,255,255,255,255,1,0,0,0,-1,48,0,0,0,
#DST_IMAGE,0,1032,90,269,54,27,0,255,255,255,255,1,0,0,0,,,,,,
,,,,,,,,,,,,,,,,,,,,,
"//""O""テカリ",,,,,,,,,,,,,,,,,,,,,
//SRC定義,(NULL),gr,x,y,w,h,div_x,div_y,cycle,timer,op1,op2,op3,,,,,,,,
#SRC_IMAGE,0,1,460,380,54,27,1,1,0,0,0,0,0,,,,,,,,
//DST定義,(NULL),time,x,y,w,h,acc,a,r,g,b,blend,filter,angle,center,loop,timer,op1,op2,op3,
#DST_IMAGE,0,1033,134,269,54,27,0,255,255,255,255,1,0,0,0,-1,48,0,0,0,
#DST_IMAGE,0,1065,136,269,54,27,0,255,255,255,255,1,0,0,0,,,,,,
,,,,,,,,,,,,,,,,,,,,,
"//""M""テカリ",,,,,,,,,,,,,,,,,,,,,
//SRC定義,(NULL),gr,x,y,w,h,div_x,div_y,cycle,timer,op1,op2,op3,,,,,,,,
#SRC_IMAGE,0,1,520,380,54,27,1,1,0,0,0,0,0,,,,,,,,
//DST定義,(NULL),time,x,y,w,h,acc,a,r,g,b,blend,filter,angle,center,loop,timer,op1,op2,op3,
#DST_IMAGE,0,1066,180,269,54,27,0,255,255,255,255,1,0,0,0,-1,48,0,0,0,
#DST_IMAGE,0,1099,182,269,54,27,0,255,255,255,255,1,0,0,0,,,,,,
,,,,,,,,,,,,,,,,,,,,,
"//""B""テカリ",,,,,,,,,,,,,,,,,,,,,
//SRC定義,(NULL),gr,x,y,w,h,div_x,div_y,cycle,timer,op1,op2,op3,,,,,,,,
#SRC_IMAGE,0,1,400,410,52,27,1,1,0,0,0,0,0,,,,,,,,
//DST定義,(NULL),time,x,y,w,h,acc,a,r,g,b,blend,filter,angle,center,loop,timer,op1,op2,op3,
#DST_IMAGE,0,1100,228,269,52,27,0,255,255,255,255,1,0,0,0,-1,48,0,0,0,
#DST_IMAGE,0,1132,230,269,52,27,0,255,255,255,255,1,0,0,0,,,,,,
,,,,,,,,,,,,,,,,,,,,,
"//""O""テカリ",,,,,,,,,,,,,,,,,,,,,
//SRC定義,(NULL),gr,x,y,w,h,div_x,div_y,cycle,timer,op1,op2,op3,,,,,,,,
#SRC_IMAGE,0,1,460,380,54,27,1,1,0,0,0,0,0,,,,,,,,
//DST定義,(NULL),time,x,y,w,h,acc,a,r,g,b,blend,filter,angle,center,loop,timer,op1,op2,op3,
#DST_IMAGE,0,1133,274,269,54,27,0,255,255,255,255,1,0,0,0,-1,48,0,0,0,
#DST_IMAGE,0,1166,276,269,54,27,0,255,255,255,255,1,0,0,0,,,,,,
,,,,,,,,,,,,,,,,,,,,,
#ELSEIF,901,,,,
"//""FULL COMBO""///////////////////////////////////////////////////////////////////////////////////",,,,,,,,,,,,,,,,,,,,,
,,,,,,,,,,,,,,,,,,,,,
"//""COMBO""",,,,,,,,,,,,,,,,,,,,,
//SRC定義,(NULL),gr,x,y,w,h,div_x,div_y,cycle,timer,op1,op2,op3,,,,,,,,
#SRC_IMAGE,0,1,0,870,270,42,1,1,0,0,0,0,0,,,,,,,,
//DST定義,(NULL),time,x,y,w,h,acc,a,r,g,b,blend,filter,angle,center,loop,timer,op1,op2,op3,
#DST_IMAGE,0,550,1060,262,270,42,0,30,255,255,255,1,0,0,0,-1,48,0,0,0,
#DST_IMAGE,0,700,978,262,270,42,0,255,255,255,255,1,0,0,0,,,,,,
#DST_IMAGE,0,1700,946,262,270,42,0,255,255,255,255,1,0,0,0,,,,,,
#DST_IMAGE,0,1850,780,262,270,42,0,30,255,255,255,1,0,0,0,,,,,,
,,,,,,,,,,,,,,,,,,,,,
"//""FULL""",,,,,,,,,,,,,,,,,,,,,
//SRC定義,(NULL),gr,x,y,w,h,div_x,div_y,cycle,timer,op1,op2,op3,,,,,,,,
#SRC_IMAGE,0,1,385,250,214,42,1,1,0,0,0,0,0,,,,,,,,
//DST定義,(NULL),time,x,y,w,h,acc,a,r,g,b,blend,filter,angle,center,loop,timer,op1,op2,op3,
#DST_IMAGE,0,550,830,226,214,42,0,30,255,255,255,1,0,0,0,-1,48,0,0,0,
#DST_IMAGE,0,700,912,226,214,42,0,255,255,255,255,1,0,0,0,,,,,,
#DST_IMAGE,0,1700,944,226,214,42,0,255,255,255,255,1,0,0,0,,,,,,
#DST_IMAGE,0,1850,1110,226,214,42,0,30,255,255,255,1,0,0,0,,,,,,
,,,,,,,,,,,,,,,,,,,,,
"//""COMBO""テカリ",,,,,,,,,,,,,,,,,,,,,
//SRC定義,(NULL),gr,x,y,w,h,div_x,div_y,cycle,timer,op1,op2,op3,,,,,,,,
#SRC_IMAGE,0,1,0,920,244,48,1,2,33,48,0,0,0,,,,,,,,
//DST定義,(NULL),time,x,y,w,h,acc,a,r,g,b,blend,filter,angle,center,loop,timer,op1,op2,op3,
#DST_IMAGE,0,550,1072,270,244,24,0,10,255,255,255,2,0,0,0,-1,48,0,0,0,
#DST_IMAGE,0,700,990,270,244,24,0,255,255,255,255,2,0,0,0,,,,,,
#DST_IMAGE,0,1700,958,270,244,24,0,255,255,255,255,2,0,0,0,,,,,,
#DST_IMAGE,0,1850,792,270,244,24,0,10,255,255,255,2,0,0,0,,,,,,
,,,,,,,,,,,,,,,,,,,,,
"//""FULL""テカリ",,,,,,,,,,,,,,,,,,,,,
//SRC定義,(NULL),gr,x,y,w,h,div_x,div_y,cycle,timer,op1,op2,op3,,,,,,,,
#SRC_IMAGE,0,1,390,300,190,48,1,2,33,48,0,0,0,,,,,,,,
//DST定義,(NULL),time,x,y,w,h,acc,a,r,g,b,blend,filter,angle,center,loop,timer,op1,op2,op3,
#DST_IMAGE,0,550,842,234,190,24,0,10,255,255,255,2,0,0,0,-1,48,0,0,0,
#DST_IMAGE,0,700,924,234,190,24,0,255,255,255,255,2,0,0,0,,,,,,
#DST_IMAGE,0,1700,956,234,190,24,0,255,255,255,255,2,0,0,0,,,,,,
#DST_IMAGE,0,1850,1122,234,190,24,0,10,255,255,255,2,0,0,0,,,,,,
,,,,,,,,,,,,,,,,,,,,,
"//""F""テカリ",,,,,,,,,,,,,,,,,,,,,
//SRC定義,(NULL),gr,x,y,w,h,div_x,div_y,cycle,timer,op1,op2,op3,,,,,,,,
#SRC_IMAGE,0,1,400,350,54,27,1,1,0,0,0,0,0,,,,,,,,
//DST定義,(NULL),time,x,y,w,h,acc,a,r,g,b,blend,filter,angle,center,loop,timer,op1,op2,op3,
#DST_IMAGE,0,866,926,232,54,27,0,255,255,255,255,1,0,0,0,-1,48,0,0,0,
#DST_IMAGE,0,899,928,232,54,27,0,255,255,255,255,1,0,0,0,,,,,,
,,,,,,,,,,,,,,,,,,,,,
"//""U""テカリ",,,,,,,,,,,,,,,,,,,,,
//SRC定義,(NULL),gr,x,y,w,h,div_x,div_y,cycle,timer,op1,op2,op3,,,,,,,,
#SRC_IMAGE,0,1,460,350,54,27,1,1,0,0,0,0,0,,,,,,,,
//DST定義,(NULL),time,x,y,w,h,acc,a,r,g,b,blend,filter,angle,center,loop,timer,op1,op2,op3,
#DST_IMAGE,0,900,976,232,54,27,0,255,255,255,255,1,0,0,0,-1,48,0,0,0,
#DST_IMAGE,0,932,978,232,54,27,0,255,255,255,255,1,0,0,0,,,,,,
,,,,,,,,,,,,,,,,,,,,,
"//""L""テカリ",,,,,,,,,,,,,,,,,,,,,
//SRC定義,(NULL),gr,x,y,w,h,div_x,div_y,cycle,timer,op1,op2,op3,,,,,,,,
#SRC_IMAGE,0,1,520,350,48,27,1,1,0,0,0,0,0,,,,,,,,
//DST定義,(NULL),time,x,y,w,h,acc,a,r,g,b,blend,filter,angle,center,loop,timer,op1,op2,op3,
#DST_IMAGE,0,933,1024,232,48,27,0,255,255,255,255,1,0,0,0,-1,48,0,0,0,
#DST_IMAGE,0,965,1026,232,48,27,0,255,255,255,255,1,0,0,0,,,,,,
,,,,,,,,,,,,,,,,,,,,,
"//""L""テカリ",,,,,,,,,,,,,,,,,,,,,
//SRC定義,(NULL),gr,x,y,w,h,div_x,div_y,cycle,timer,op1,op2,op3,,,,,,,,
#SRC_IMAGE,0,1,520,350,48,27,1,1,0,0,0,0,0,,,,,,,,
//DST定義,(NULL),time,x,y,w,h,acc,a,r,g,b,blend,filter,angle,center,loop,timer,op1,op2,op3,
#DST_IMAGE,0,966,1074,232,48,27,0,255,255,255,255,1,0,0,0,-1,48,0,0,0,
#DST_IMAGE,0,999,1076,232,48,27,0,255,255,255,255,1,0,0,0,,,,,,
,,,,,,,,,,,,,,,,,,,,,
"//""C""テカリ",,,,,,,,,,,,,,,,,,,,,
//SRC定義,(NULL),gr,x,y,w,h,div_x,div_y,cycle,timer,op1,op2,op3,,,,,,,,
#SRC_IMAGE,0,1,400,380,54,27,1,1,0,0,0,0,0,,,,,,,,
//DST定義,(NULL),time,x,y,w,h,acc,a,r,g,b,blend,filter,angle,center,loop,timer,op1,op2,op3,
#DST_IMAGE,0,1000,980,269,54,27,0,255,255,255,255,1,0,0,0,-1,48,0,0,0,
#DST_IMAGE,0,1032,982,269,54,27,0,255,255,255,255,1,0,0,0,,,,,,
,,,,,,,,,,,,,,,,,,,,,
"//""O""テカリ",,,,,,,,,,,,,,,,,,,,,
//SRC定義,(NULL),gr,x,y,w,h,div_x,div_y,cycle,timer,op1,op2,op3,,,,,,,,
#SRC_IMAGE,0,1,460,380,54,27,1,1,0,0,0,0,0,,,,,,,,
//DST定義,(NULL),time,x,y,w,h,acc,a,r,g,b,blend,filter,angle,center,loop,timer,op1,op2,op3,
#DST_IMAGE,0,1033,1026,269,54,27,0,255,255,255,255,1,0,0,0,-1,48,0,0,0,
#DST_IMAGE,0,1065,1028,269,54,27,0,255,255,255,255,1,0,0,0,,,,,,
,,,,,,,,,,,,,,,,,,,,,
"//""M""テカリ",,,,,,,,,,,,,,,,,,,,,
//SRC定義,(NULL),gr,x,y,w,h,div_x,div_y,cycle,timer,op1,op2,op3,,,,,,,,
#SRC_IMAGE,0,1,520,380,54,27,1,1,0,0,0,0,0,,,,,,,,
//DST定義,(NULL),time,x,y,w,h,acc,a,r,g,b,blend,filter,angle,center,loop,timer,op1,op2,op3,
#DST_IMAGE,0,1066,1072,269,54,27,0,255,255,255,255,1,0,0,0,-1,48,0,0,0,
#DST_IMAGE,0,1099,1074,269,54,27,0,255,255,255,255,1,0,0,0,,,,,,
,,,,,,,,,,,,,,,,,,,,,
"//""B""テカリ",,,,,,,,,,,,,,,,,,,,,
//SRC定義,(NULL),gr,x,y,w,h,div_x,div_y,cycle,timer,op1,op2,op3,,,,,,,,
#SRC_IMAGE,0,1,400,410,52,27,1,1,0,0,0,0,0,,,,,,,,
//DST定義,(NULL),time,x,y,w,h,acc,a,r,g,b,blend,filter,angle,center,loop,timer,op1,op2,op3,
#DST_IMAGE,0,1100,1120,269,52,27,0,255,255,255,255,1,0,0,0,-1,48,0,0,0,
#DST_IMAGE,0,1132,1122,269,52,27,0,255,255,255,255,1,0,0,0,,,,,,
,,,,,,,,,,,,,,,,,,,,,
"//""O""テカリ",,,,,,,,,,,,,,,,,,,,,
//SRC定義,(NULL),gr,x,y,w,h,div_x,div_y,cycle,timer,op1,op2,op3,,,,,,,,
#SRC_IMAGE,0,1,460,380,54,27,1,1,0,0,0,0,0,,,,,,,,
//DST定義,(NULL),time,x,y,w,h,acc,a,r,g,b,blend,filter,angle,center,loop,timer,op1,op2,op3,
#DST_IMAGE,0,1133,1166,269,54,27,0,255,255,255,255,1,0,0,0,-1,48,0,0,0,
#DST_IMAGE,0,1166,1168,269,54,27,0,255,255,255,255,1,0,0,0,,,,,,
#ENDIF
