#ENDOFHEADER,,,,,,,,,,,,,,,,,,,,
,,,,,,,,,,,,,,,,,,,,
,,,,,,,,,,,,,,,,,,,,
//takeover=1にすると、前の#IMAGE #FONT #LR2FONTを引き継いで、ロードが高速になります,,,,,,,,,,,,,,,,,,,,
,,,,,,,,,,,,,,,,,,,,
,,,,,,,,,,,,,,,,,,,,
,,,,,,,,,,,,,,,,,,,,
,,,,,,,,,,,,,,,,,,,,
,,,,,,,,,,,,,,,,,,,,
//[透過色設定],,,,,,,,,,,,,,,,,,,,
//必要無くても必ず設定して下さい。(なんかライブラリの仕様でオフに出来ないみたいなので,,,,,,,,,,,,,,,,,,,,
//透過色,R,G,B,,,,,,,,,,,,,,,,,
#TRANSCOLOR,0,255,0,,,,,,,,,,,,,,,,,
,,,,,,,,,,,,,,,,,,,,
//[入力開始時間],,,,,,,,,,,,,,,,,,,,
//入力開始時間,ms,,,,,,,,,,,,,,,,,,,
#STARTINPUT,300,,,,,,,,,,,,,,,,,,,
,,,,,,,,,,,,,,,,,,,,
,,,,,,,,,,,,,,,,,,,,
//[シーン時間],,,,,,,,,,,,,,,,,,,,
//この時間が経過すると、次のシーンに移行します。,,,,,,,,,,,,,,,,,,,,
//シーン時間,ms,,,,,,,,,,,,,,,,,,,
,,,,,,,,,,,,,,,,,,,,
#IF,191,,,,,,,,,,,,,,,,,,,
,,,,,,,,,,,,,,,,,,,,
#SCENETIME,3300,,,,,,,,,,,,,,,,,,,
,,,,,,,,,,,,,,,,,,,,
#ELSEIF,190,,,,,,,,,,,,,,,,,,,
,,,,,,,,,,,,,,,,,,,,
#SCENETIME,2000,,,,,,,,,,,,,,,,,,,
,,,,,,,,,,,,,,,,,,,,
#ENDIF,,,,,,,,,,,,,,,,,,,,
,,,,,,,,,,,,,,,,,,,,
//[フェードアウト],,,,,,,,,,,,,,,,,,,,
//キャンセル時,,,,,,,,,,,,,,,,,,,,
#FADEOUT,700,,,,,,,,,,,,,,,,,,,
//スキップ時,,,,,,,,,,,,,,,,,,,,
#SKIP,300,,,,,,,,,,,,,,,,,,,
,,,,,,,,,,,,,,,,,,,,
//[画像定義],,,,,,,,,,,,,,,,,,,,
,,,,,,,,,,,,,,,,,,,,
#IMAGE,LR2files\Theme\20th tricoro for HD\Select\Parts\0_mselect.png,,,,,,,,0,,,,,,,,,,,
#IMAGE,dummy,,,,,,,,1,,,,,,,,,,,
#IMAGE,LR2files\Theme\20th tricoro for HD\Select\Parts\2_decide.png,,,,,,,,2,,,,,,,,,,,
#IMAGE,dummy,,,,,,,//3,,,,,,,,,,,,
#IMAGE,LR2files\Theme\20th tricoro for HD\Select\Parts\qpro\face\*.png,,,,,,,,4,,,,,,,,,,,
#IMAGE,LR2files\Theme\20th tricoro for HD\Select\Parts\qpro\hair\*.png,,,,,,,,5,,,,,,,,,,,
#IMAGE,LR2files\Theme\20th tricoro for HD\Select\Parts\qpro\head\*.png,,,,,,,,6,,,,,,,,,,,
#IMAGE,LR2files\Theme\20th tricoro for HD\Select\Parts\qpro\body\*.png,,,,,,,,7,,,,,,,,,,,
#IMAGE,LR2files\Theme\20th tricoro for HD\Select\Parts\qpro\hand\*.png,,,,,,,,8,,,,,,,,,,,
#IMAGE,dummy,,,,,,,//9,,,,,,,,,,,,
#IMAGE,dummy,,,,,,,//10,,,,,,,,,,,,
#IMAGE,LR2files\Theme\20th tricoro for HD\Select\Parts\decide.avi,,,,,,,,11,,,,,,,,,,,
,,,,,,,,,,,,,,,,,,,,
,,,,,,,,,,,,,,,,,,,,
,,,,,,,,,,,,,,,,,,,,
,,,,,,,,,,,,,,,,,,,,
,,,,,,,,,,,,,,,,,,,,
,,,,,,,,,,,,,,,,,,,,
//[フォント],,,,,,,,,,,,,,,,,,,,
//日本語フォントなら8mbぐらいメモリを消費するので、無駄使いは止めましょう。,,,,,,,,,,,,,,,,,,,,
//thick:文字太さ,,,,,,,,,,,,,,,,,,,,
//aa/edge:0 normal 1 edge 2 aa 3 edge + aa,,,,,,,,,,,,,,,,,,,,
//フォントは右に候補をいくつでも追加できます。,,,,,,,,,,,,,,,,,,,,
//パスの次を1とすると、画像フォント使用不可設定が無効になり、かならず使用されます,,,,,,,,,,,,,,,,,,,,
,,,,,,,,,,,,,,,,,,,,
#LR2FONT,CONTINUE,,,,,,0,,,,,,,,,,,,,
#LR2FONT,CONTINUE,,,,,,1,,,,,,,,,,,,,
#LR2FONT,CONTINUE,,,,,,2,,,,,,,,,,,,,
#LR2FONT,LR2files\Theme\20th tricoro for HD\Font\course_decide_title\font.lr2font,,,,,,3,,,,,,,,,,,,,
,,,,,,,,,,,,,,,,,,,,
,,,,,,,,,,,,,,,,,,,,
#FONT,20,0,2,,,,0,,,,,,,,,,,,,
#FONT,44,0,3,,,,1,,,,,,,,,,,,,
#FONT,22,0,3,,,,2,,,,,,,,,,,,,
#FONT,44,0,3,,,,3,,,,,,,,,,,,,
開幕/////////////////////////////////////////////////////////////////////////////////////////////////////////////////////////////////,,,,,,,,,,,,,,,,,,,,
//BGA,,,,,,,,,,,,,,,,,,,,
//SRC定義,(NULL),gr,x,y,w,h,div_x,div_y,cycle,timer,op1,op2,op3,,,,,,,
#SRC_IMAGE,0,11,0,0,-1,-1,1,1,0,0,0,0,0,,,,,,,
//DST定義,(NULL),time,x,y,w,h,acc,a,r,g,b,blend,filter,angle,center,loop,timer,op1,op2,op3
#DST_IMAGE,0,0,0,0,1280,720,0,255,255,255,255,0,0,0,0,0,0,0,0,0
,,,,,,,,,,,,,,,,,,,,
#IF,920,,,,,,,,,,,,,,,,,,,
,,,,,,,,,,,,,,,,,,,,
//難易度土台左,,,,,,,,,,,,,,,,,,,,
//SRC定義,(NULL),gr,x,y,w,h,div_x,div_y,cycle,timer,op1,op2,op3,,,,,,,
#SRC_IMAGE,0,2,0,0,431,87,1,1,0,0,0,0,0,,,,,,,
//DST定義,(NULL),time,x,y,w,h,acc,a,r,g,b,blend,filter,angle,center,loop,timer,op1,op2,op3
#DST_IMAGE,0,0,-432,73.5,431,87,0,255,255,255,255,1,0,0,0,466,0,-3,0,0
#DST_IMAGE,0,366,-84,73.5,431,87,0,255,255,255,255,1,0,0,0,,,,,
#DST_IMAGE,0,433,-58,73.5,431,87,0,255,255,255,255,1,0,0,0,,,,,
#DST_IMAGE,0,466,-54,73.5,431,87,0,255,255,255,255,1,0,0,0,,,,,
,,,,,,,,,,,,,,,,,,,,
//難易度土台右,,,,,,,,,,,,,,,,,,,,
//SRC定義,(NULL),gr,x,y,w,h,div_x,div_y,cycle,timer,op1,op2,op3,,,,,,,
#SRC_IMAGE,0,2,0,90,431,87,1,1,0,0,0,0,0,,,,,,,
//DST定義,(NULL),time,x,y,w,h,acc,a,r,g,b,blend,filter,angle,center,loop,timer,op1,op2,op3
#DST_IMAGE,0,0,1280,73.5,431,87,0,255,255,255,255,1,0,0,0,466,0,-3,13,0
#DST_IMAGE,0,366,932,73.5,431,87,0,255,255,255,255,1,0,0,0,,,,,
#DST_IMAGE,0,433,906,73.5,431,87,0,255,255,255,255,1,0,0,0,,,,,
#DST_IMAGE,0,466,902,73.5,431,87,0,255,255,255,255,1,0,0,0,,,,,
,,,,,,,,,,,,,,,,,,,,
"//""PLAYER01""",,,,,,,,,,,,,,,,,,,,
//SRC定義,(NULL),gr,x,y,w,h,div_x,div_y,cycle,timer,op1,op2,op3,,,,,,,
#SRC_IMAGE,0,2,0,180,133,19,1,1,0,0,0,0,0,,,,,,,
//DST定義,(NULL),time,x,y,w,h,acc,a,r,g,b,blend,filter,angle,center,loop,timer,op1,op2,op3
#DST_IMAGE,0,0,-352,94,133,19,0,255,255,255,255,1,0,0,0,466,0,-3,0,0
#DST_IMAGE,0,366,-4,94,133,19,0,255,255,255,255,1,0,0,0,,,,,
#DST_IMAGE,0,433,22,94,133,19,0,255,255,255,255,1,0,0,0,,,,,
#DST_IMAGE,0,466,26,94,133,19,0,255,255,255,255,1,0,0,0,,,,,
,,,,,,,,,,,,,,,,,,,,
"//""PLAYER02""",,,,,,,,,,,,,,,,,,,,
//SRC定義,(NULL),gr,x,y,w,h,div_x,div_y,cycle,timer,op1,op2,op3,,,,,,,
#SRC_IMAGE,0,2,135,180,143,19,1,1,0,0,0,0,0,,,,,,,
//DST定義,(NULL),time,x,y,w,h,acc,a,r,g,b,blend,filter,angle,center,loop,timer,op1,op2,op3
#DST_IMAGE,0,0,1490,94,143,19,0,255,255,255,255,1,0,0,0,466,0,-3,13,0
#DST_IMAGE,0,366,1142,94,143,19,0,255,255,255,255,1,0,0,0,,,,,
#DST_IMAGE,0,433,1116,94,143,19,0,255,255,255,255,1,0,0,0,,,,,
#DST_IMAGE,0,466,1112,94,143,19,0,255,255,255,255,1,0,0,0,,,,,
,,,,,,,,,,,,,,,,,,,,
"//""PLAYER01""テカリ",,,,,,,,,,,,,,,,,,,,
//SRC定義,(NULL),gr,x,y,w,h,div_x,div_y,cycle,timer,op1,op2,op3,,,,,,,
#SRC_IMAGE,0,2,0,200,133,19,1,1,0,0,0,0,0,,,,,,,
//DST定義,(NULL),time,x,y,w,h,acc,a,r,g,b,blend,filter,angle,center,loop,timer,op1,op2,op3
#DST_IMAGE,0,966,26,94,133,19,0,255,255,255,255,1,0,0,0,-1,0,-3,0,0
#DST_IMAGE,0,999,26,94,133,19,0,255,255,255,255,1,0,0,0,,,,,
#DST_IMAGE,0,1000,26,94,133,19,0,0,255,255,255,1,0,0,0,,,,,
#DST_IMAGE,0,1032,26,94,133,19,0,0,255,255,255,1,0,0,0,,,,,
#DST_IMAGE,0,1033,26,94,133,19,0,255,255,255,255,1,0,0,0,,,,,
#DST_IMAGE,0,1065,26,94,133,19,0,255,255,255,255,1,0,0,0,,,,,
,,,,,,,,,,,,,,,,,,,,
"//""PLAYER02""テカリ",,,,,,,,,,,,,,,,,,,,
//SRC定義,(NULL),gr,x,y,w,h,div_x,div_y,cycle,timer,op1,op2,op3,,,,,,,
#SRC_IMAGE,0,2,135,200,143,19,1,1,0,0,0,0,0,,,,,,,
//DST定義,(NULL),time,x,y,w,h,acc,a,r,g,b,blend,filter,angle,center,loop,timer,op1,op2,op3
#DST_IMAGE,0,966,1112,94,143,19,0,255,255,255,255,1,0,0,0,-1,0,-3,13,0
#DST_IMAGE,0,999,1112,94,143,19,0,255,255,255,255,1,0,0,0,,,,,
#DST_IMAGE,0,1000,1112,94,143,19,0,0,255,255,255,1,0,0,0,,,,,
#DST_IMAGE,0,1032,1112,94,143,19,0,0,255,255,255,1,0,0,0,,,,,
#DST_IMAGE,0,1033,1112,94,143,19,0,255,255,255,255,1,0,0,0,,,,,
#DST_IMAGE,0,1065,1112,94,143,19,0,255,255,255,255,1,0,0,0,,,,,
,,,,,,,,,,,,,,,,,,,,
"//""LEVEL""左",,,,,,,,,,,,,,,,,,,,
//SRC定義,(NULL),gr,x,y,w,h,div_x,div_y,cycle,timer,op1,op2,op3,,,,,,,
#SRC_IMAGE,0,2,0,220,61,19,1,1,0,0,0,0,0,,,,,,,
//DST定義,(NULL),time,x,y,w,h,acc,a,r,g,b,blend,filter,angle,center,loop,timer,op1,op2,op3
#DST_IMAGE,0,0,-86,114,61,19,0,255,255,255,255,1,0,0,0,466,0,-3,0,0
#DST_IMAGE,0,366,262,114,61,19,0,255,255,255,255,1,0,0,0,,,,,
#DST_IMAGE,0,433,288,114,61,19,0,255,255,255,255,1,0,0,0,,,,,
#DST_IMAGE,0,466,292,114,61,19,0,255,255,255,255,1,0,0,0,,,,,
,,,,,,,,,,,,,,,,,,,,
"//""LEVEL""右",,,,,,,,,,,,,,,,,,,,
//SRC定義,(NULL),gr,x,y,w,h,div_x,div_y,cycle,timer,op1,op2,op3,,,,,,,
#SRC_IMAGE,0,2,0,220,61,19,1,1,0,0,0,0,0,,,,,,,
//DST定義,(NULL),time,x,y,w,h,acc,a,r,g,b,blend,filter,angle,center,loop,timer,op1,op2,op3
#DST_IMAGE,0,0,1302,114,61,19,0,255,255,255,255,1,0,0,0,466,0,-3,13,0
#DST_IMAGE,0,366,954,114,61,19,0,255,255,255,255,1,0,0,0,,,,,
#DST_IMAGE,0,433,928,114,61,19,0,255,255,255,255,1,0,0,0,,,,,
#DST_IMAGE,0,466,924,114,61,19,0,255,255,255,255,1,0,0,0,,,,,
,,,,,,,,,,,,,,,,,,,,
//NORMAL左,,,,,,,,,,,,,,,,,,,,
//SRC定義,(NULL),gr,x,y,w,h,div_x,div_y,cycle,timer,op1,op2,op3,,,,,,,
#SRC_IMAGE,0,2,0,240,172,52,1,1,0,0,0,0,0,,,,,,,
//DST定義,(NULL),time,x,y,w,h,acc,a,r,g,b,blend,filter,angle,center,loop,timer,op1,op2,op3
#DST_IMAGE,0,0,-350,118,172,52,0,255,255,255,255,1,0,0,0,466,0,152,-3,0
#DST_IMAGE,0,366,-2,118,172,52,0,255,255,255,255,1,0,0,0,,,,,
#DST_IMAGE,0,433,24,118,172,52,0,255,255,255,255,1,0,0,0,,,,,
#DST_IMAGE,0,466,28,118,172,52,0,255,255,255,255,1,0,0,0,,,,,
,,,,,,,,,,,,,,,,,,,,
//HYPER左,,,,,,,,,,,,,,,,,,,,
//SRC定義,(NULL),gr,x,y,w,h,div_x,div_y,cycle,timer,op1,op2,op3,,,,,,,
#SRC_IMAGE,0,2,172,240,172,52,1,1,0,0,0,0,0,,,,,,,
//DST定義,(NULL),time,x,y,w,h,acc,a,r,g,b,blend,filter,angle,center,loop,timer,op1,op2,op3
#DST_IMAGE,0,0,-350,118,172,52,0,255,255,255,255,1,0,0,0,466,0,153,-3,0
#DST_IMAGE,0,366,-2,118,172,52,0,255,255,255,255,1,0,0,0,,,,,
#DST_IMAGE,0,433,24,118,172,52,0,255,255,255,255,1,0,0,0,,,,,
#DST_IMAGE,0,466,28,118,172,52,0,255,255,255,255,1,0,0,0,,,,,
,,,,,,,,,,,,,,,,,,,,
//ANOTHER左,,,,,,,,,,,,,,,,,,,,
//SRC定義,(NULL),gr,x,y,w,h,div_x,div_y,cycle,timer,op1,op2,op3,,,,,,,
#SRC_IMAGE,0,2,344,240,172,52,1,1,0,0,0,0,0,,,,,,,
//DST定義,(NULL),time,x,y,w,h,acc,a,r,g,b,blend,filter,angle,center,loop,timer,op1,op2,op3
#DST_IMAGE,0,0,-350,118,172,52,0,255,255,255,255,1,0,0,0,466,0,154,-3,0
#DST_IMAGE,0,366,-2,118,172,52,0,255,255,255,255,1,0,0,0,,,,,
#DST_IMAGE,0,433,24,118,172,52,0,255,255,255,255,1,0,0,0,,,,,
#DST_IMAGE,0,466,28,118,172,52,0,255,255,255,255,1,0,0,0,,,,,
,,,,,,,,,,,,,,,,,,,,
//BEGINNER左,,,,,,,,,,,,,,,,,,,,
//SRC定義,(NULL),gr,x,y,w,h,div_x,div_y,cycle,timer,op1,op2,op3,,,,,,,
#SRC_IMAGE,0,2,0,293,172,52,1,1,0,0,0,0,0,,,,,,,
//DST定義,(NULL),time,x,y,w,h,acc,a,r,g,b,blend,filter,angle,center,loop,timer,op1,op2,op3
#DST_IMAGE,0,0,-350,118,172,52,0,255,255,255,255,1,0,0,0,466,0,151,-3,0
#DST_IMAGE,0,366,-2,118,172,52,0,255,255,255,255,1,0,0,0,,,,,
#DST_IMAGE,0,433,24,118,172,52,0,255,255,255,255,1,0,0,0,,,,,
#DST_IMAGE,0,466,28,118,172,52,0,255,255,255,255,1,0,0,0,,,,,
,,,,,,,,,,,,,,,,,,,,
//BLACKANOTHER左,,,,,,,,,,,,,,,,,,,,
//SRC定義,(NULL),gr,x,y,w,h,div_x,div_y,cycle,timer,op1,op2,op3,,,,,,,
#SRC_IMAGE,0,2,172,293,172,52,1,1,0,0,0,0,0,,,,,,,
//DST定義,(NULL),time,x,y,w,h,acc,a,r,g,b,blend,filter,angle,center,loop,timer,op1,op2,op3
#DST_IMAGE,0,0,-350,118,172,52,0,255,255,255,255,1,0,0,0,466,0,155,-3,0
#DST_IMAGE,0,366,-2,118,172,52,0,255,255,255,255,1,0,0,0,,,,,
#DST_IMAGE,0,433,24,118,172,52,0,255,255,255,255,1,0,0,0,,,,,
#DST_IMAGE,0,466,28,118,172,52,0,255,255,255,255,1,0,0,0,,,,,
,,,,,,,,,,,,,,,,,,,,
//NORMAL右,,,,,,,,,,,,,,,,,,,,
//SRC定義,(NULL),gr,x,y,w,h,div_x,div_y,cycle,timer,op1,op2,op3,,,,,,,
#SRC_IMAGE,0,2,0,240,172,52,1,1,0,0,0,0,0,,,,,,,
//DST定義,(NULL),time,x,y,w,h,acc,a,r,g,b,blend,filter,angle,center,loop,timer,op1,op2,op3
#DST_IMAGE,0,0,1460,118,172,52,0,255,255,255,255,1,0,0,0,466,0,152,-3,13
#DST_IMAGE,0,366,1112,118,172,52,0,255,255,255,255,1,0,0,0,,,,,
#DST_IMAGE,0,433,1086,118,172,52,0,255,255,255,255,1,0,0,0,,,,,
#DST_IMAGE,0,466,1082,118,172,52,0,255,255,255,255,1,0,0,0,,,,,
,,,,,,,,,,,,,,,,,,,,
//HYPER右,,,,,,,,,,,,,,,,,,,,
//SRC定義,(NULL),gr,x,y,w,h,div_x,div_y,cycle,timer,op1,op2,op3,,,,,,,
#SRC_IMAGE,0,2,172,240,172,52,1,1,0,0,0,0,0,,,,,,,
//DST定義,(NULL),time,x,y,w,h,acc,a,r,g,b,blend,filter,angle,center,loop,timer,op1,op2,op3
#DST_IMAGE,0,0,1460,118,172,52,0,255,255,255,255,1,0,0,0,466,0,153,-3,13
#DST_IMAGE,0,366,1112,118,172,52,0,255,255,255,255,1,0,0,0,,,,,
#DST_IMAGE,0,433,1086,118,172,52,0,255,255,255,255,1,0,0,0,,,,,
#DST_IMAGE,0,466,1082,118,172,52,0,255,255,255,255,1,0,0,0,,,,,
,,,,,,,,,,,,,,,,,,,,
//ANOTHER右,,,,,,,,,,,,,,,,,,,,
//SRC定義,(NULL),gr,x,y,w,h,div_x,div_y,cycle,timer,op1,op2,op3,,,,,,,
#SRC_IMAGE,0,2,344,240,172,52,1,1,0,0,0,0,0,,,,,,,
//DST定義,(NULL),time,x,y,w,h,acc,a,r,g,b,blend,filter,angle,center,loop,timer,op1,op2,op3
#DST_IMAGE,0,0,1460,118,172,52,0,255,255,255,255,1,0,0,0,466,0,154,-3,13
#DST_IMAGE,0,366,1112,118,172,52,0,255,255,255,255,1,0,0,0,,,,,
#DST_IMAGE,0,433,1086,118,172,52,0,255,255,255,255,1,0,0,0,,,,,
#DST_IMAGE,0,466,1082,118,172,52,0,255,255,255,255,1,0,0,0,,,,,
,,,,,,,,,,,,,,,,,,,,
//BEGINNER右,,,,,,,,,,,,,,,,,,,,
//SRC定義,(NULL),gr,x,y,w,h,div_x,div_y,cycle,timer,op1,op2,op3,,,,,,,
#SRC_IMAGE,0,2,0,293,172,52,1,1,0,0,0,0,0,,,,,,,
//DST定義,(NULL),time,x,y,w,h,acc,a,r,g,b,blend,filter,angle,center,loop,timer,op1,op2,op3
#DST_IMAGE,0,0,1460,118,172,52,0,255,255,255,255,1,0,0,0,466,0,151,-3,13
#DST_IMAGE,0,366,1112,118,172,52,0,255,255,255,255,1,0,0,0,,,,,
#DST_IMAGE,0,433,1086,118,172,52,0,255,255,255,255,1,0,0,0,,,,,
#DST_IMAGE,0,466,1082,118,172,52,0,255,255,255,255,1,0,0,0,,,,,
,,,,,,,,,,,,,,,,,,,,
//BLACKANOTHER右,,,,,,,,,,,,,,,,,,,,
//SRC定義,(NULL),gr,x,y,w,h,div_x,div_y,cycle,timer,op1,op2,op3,,,,,,,
#SRC_IMAGE,0,2,172,293,172,52,1,1,0,0,0,0,0,,,,,,,
//DST定義,(NULL),time,x,y,w,h,acc,a,r,g,b,blend,filter,angle,center,loop,timer,op1,op2,op3
#DST_IMAGE,0,0,1460,118,172,52,0,255,255,255,255,1,0,0,0,466,0,155,-3,13
#DST_IMAGE,0,366,1112,118,172,52,0,255,255,255,255,1,0,0,0,,,,,
#DST_IMAGE,0,433,1086,118,172,52,0,255,255,255,255,1,0,0,0,,,,,
#DST_IMAGE,0,466,1082,118,172,52,0,255,255,255,255,1,0,0,0,,,,,
,,,,,,,,,,,,,,,,,,,,
//NORMAL左テカリ,,,,,,,,,,,,,,,,,,,,
//SRC定義,(NULL),gr,x,y,w,h,div_x,div_y,cycle,timer,op1,op2,op3,,,,,,,
#SRC_IMAGE,0,2,0,240,172,52,1,1,0,0,0,0,0,,,,,,,
//DST定義,(NULL),time,x,y,w,h,acc,a,r,g,b,blend,filter,angle,center,loop,timer,op1,op2,op3
#DST_IMAGE,0,1100,28,118,172,52,0,255,255,255,255,2,0,0,0,-1,0,152,-3,0
#DST_IMAGE,0,1132,28,118,172,52,0,255,255,255,255,2,0,0,0,,,,,
#DST_IMAGE,0,1133,28,118,172,52,0,0,255,255,255,2,0,0,0,,,,,
#DST_IMAGE,0,1165,28,118,172,52,0,0,255,255,255,2,0,0,0,,,,,
#DST_IMAGE,0,1166,28,118,172,52,0,255,255,255,255,2,0,0,0,,,,,
#DST_IMAGE,0,1199,28,118,172,52,0,255,255,255,255,2,0,0,0,,,,,
,,,,,,,,,,,,,,,,,,,,
//NORMAL右テカリ,,,,,,,,,,,,,,,,,,,,
//SRC定義,(NULL),gr,x,y,w,h,div_x,div_y,cycle,timer,op1,op2,op3,,,,,,,
#SRC_IMAGE,0,2,0,240,172,52,1,1,0,0,0,0,0,,,,,,,
//DST定義,(NULL),time,x,y,w,h,acc,a,r,g,b,blend,filter,angle,center,loop,timer,op1,op2,op3
#DST_IMAGE,0,1100,1082,118,172,52,0,255,255,255,255,2,0,0,0,-1,0,152,-3,13
#DST_IMAGE,0,1132,1082,118,172,52,0,255,255,255,255,2,0,0,0,,,,,
#DST_IMAGE,0,1133,1082,118,172,52,0,0,255,255,255,2,0,0,0,,,,,
#DST_IMAGE,0,1165,1082,118,172,52,0,0,255,255,255,2,0,0,0,,,,,
#DST_IMAGE,0,1166,1082,118,172,52,0,255,255,255,255,2,0,0,0,,,,,
#DST_IMAGE,0,1199,1082,118,172,52,0,255,255,255,255,2,0,0,0,,,,,
,,,,,,,,,,,,,,,,,,,,
//HYPER左テカリ,,,,,,,,,,,,,,,,,,,,
//SRC定義,(NULL),gr,x,y,w,h,div_x,div_y,cycle,timer,op1,op2,op3,,,,,,,
#SRC_IMAGE,0,2,172,240,172,52,1,1,0,0,0,0,0,,,,,,,
//DST定義,(NULL),time,x,y,w,h,acc,a,r,g,b,blend,filter,angle,center,loop,timer,op1,op2,op3
#DST_IMAGE,0,1100,28,118,172,52,0,255,255,255,255,2,0,0,0,-1,0,153,-3,0
#DST_IMAGE,0,1132,28,118,172,52,0,255,255,255,255,2,0,0,0,,,,,
#DST_IMAGE,0,1133,28,118,172,52,0,0,255,255,255,2,0,0,0,,,,,
#DST_IMAGE,0,1165,28,118,172,52,0,0,255,255,255,2,0,0,0,,,,,
#DST_IMAGE,0,1166,28,118,172,52,0,255,255,255,255,2,0,0,0,,,,,
#DST_IMAGE,0,1199,28,118,172,52,0,255,255,255,255,2,0,0,0,,,,,
,,,,,,,,,,,,,,,,,,,,
//HYPER右テカリ,,,,,,,,,,,,,,,,,,,,
//SRC定義,(NULL),gr,x,y,w,h,div_x,div_y,cycle,timer,op1,op2,op3,,,,,,,
#SRC_IMAGE,0,2,172,240,172,52,1,1,0,0,0,0,0,,,,,,,
//DST定義,(NULL),time,x,y,w,h,acc,a,r,g,b,blend,filter,angle,center,loop,timer,op1,op2,op3
#DST_IMAGE,0,1100,1082,118,172,52,0,255,255,255,255,2,0,0,0,-1,0,153,-3,13
#DST_IMAGE,0,1132,1082,118,172,52,0,255,255,255,255,2,0,0,0,,,,,
#DST_IMAGE,0,1133,1082,118,172,52,0,0,255,255,255,2,0,0,0,,,,,
#DST_IMAGE,0,1165,1082,118,172,52,0,0,255,255,255,2,0,0,0,,,,,
#DST_IMAGE,0,1166,1082,118,172,52,0,255,255,255,255,2,0,0,0,,,,,
#DST_IMAGE,0,1199,1082,118,172,52,0,255,255,255,255,2,0,0,0,,,,,
,,,,,,,,,,,,,,,,,,,,
//ANOTHER左テカリ,,,,,,,,,,,,,,,,,,,,
//SRC定義,(NULL),gr,x,y,w,h,div_x,div_y,cycle,timer,op1,op2,op3,,,,,,,
#SRC_IMAGE,0,2,344,240,172,52,1,1,0,0,0,0,0,,,,,,,
//DST定義,(NULL),time,x,y,w,h,acc,a,r,g,b,blend,filter,angle,center,loop,timer,op1,op2,op3
#DST_IMAGE,0,1100,28,118,172,52,0,255,255,255,255,2,0,0,0,-1,0,154,-3,0
#DST_IMAGE,0,1132,28,118,172,52,0,255,255,255,255,2,0,0,0,,,,,
#DST_IMAGE,0,1133,28,118,172,52,0,0,255,255,255,2,0,0,0,,,,,
#DST_IMAGE,0,1165,28,118,172,52,0,0,255,255,255,2,0,0,0,,,,,
#DST_IMAGE,0,1166,28,118,172,52,0,255,255,255,255,2,0,0,0,,,,,
#DST_IMAGE,0,1199,28,118,172,52,0,255,255,255,255,2,0,0,0,,,,,
,,,,,,,,,,,,,,,,,,,,
//ANOTHER右テカリ,,,,,,,,,,,,,,,,,,,,
//SRC定義,(NULL),gr,x,y,w,h,div_x,div_y,cycle,timer,op1,op2,op3,,,,,,,
#SRC_IMAGE,0,2,344,240,172,52,1,1,0,0,0,0,0,,,,,,,
//DST定義,(NULL),time,x,y,w,h,acc,a,r,g,b,blend,filter,angle,center,loop,timer,op1,op2,op3
#DST_IMAGE,0,1100,1082,118,172,52,0,255,255,255,255,2,0,0,0,-1,0,154,-3,13
#DST_IMAGE,0,1132,1082,118,172,52,0,255,255,255,255,2,0,0,0,,,,,
#DST_IMAGE,0,1133,1082,118,172,52,0,0,255,255,255,2,0,0,0,,,,,
#DST_IMAGE,0,1165,1082,118,172,52,0,0,255,255,255,2,0,0,0,,,,,
#DST_IMAGE,0,1166,1082,118,172,52,0,255,255,255,255,2,0,0,0,,,,,
#DST_IMAGE,0,1199,1082,118,172,52,0,255,255,255,255,2,0,0,0,,,,,
,,,,,,,,,,,,,,,,,,,,
//BEGINNER左テカリ,,,,,,,,,,,,,,,,,,,,
//SRC定義,(NULL),gr,x,y,w,h,div_x,div_y,cycle,timer,op1,op2,op3,,,,,,,
#SRC_IMAGE,0,2,0,293,172,52,1,1,0,0,0,0,0,,,,,,,
//DST定義,(NULL),time,x,y,w,h,acc,a,r,g,b,blend,filter,angle,center,loop,timer,op1,op2,op3
#DST_IMAGE,0,1100,28,118,172,52,0,255,255,255,255,2,0,0,0,-1,0,151,-3,0
#DST_IMAGE,0,1132,28,118,172,52,0,255,255,255,255,2,0,0,0,,,,,
#DST_IMAGE,0,1133,28,118,172,52,0,0,255,255,255,2,0,0,0,,,,,
#DST_IMAGE,0,1165,28,118,172,52,0,0,255,255,255,2,0,0,0,,,,,
#DST_IMAGE,0,1166,28,118,172,52,0,255,255,255,255,2,0,0,0,,,,,
#DST_IMAGE,0,1199,28,118,172,52,0,255,255,255,255,2,0,0,0,,,,,
,,,,,,,,,,,,,,,,,,,,
//BEGINNER右テカリ,,,,,,,,,,,,,,,,,,,,
//SRC定義,(NULL),gr,x,y,w,h,div_x,div_y,cycle,timer,op1,op2,op3,,,,,,,
#SRC_IMAGE,0,2,0,293,172,52,1,1,0,0,0,0,0,,,,,,,
//DST定義,(NULL),time,x,y,w,h,acc,a,r,g,b,blend,filter,angle,center,loop,timer,op1,op2,op3
#DST_IMAGE,0,1100,1082,118,172,52,0,255,255,255,255,2,0,0,0,-1,0,151,-3,13
#DST_IMAGE,0,1132,1082,118,172,52,0,255,255,255,255,2,0,0,0,,,,,
#DST_IMAGE,0,1133,1082,118,172,52,0,0,255,255,255,2,0,0,0,,,,,
#DST_IMAGE,0,1165,1082,118,172,52,0,0,255,255,255,2,0,0,0,,,,,
#DST_IMAGE,0,1166,1082,118,172,52,0,255,255,255,255,2,0,0,0,,,,,
#DST_IMAGE,0,1199,1082,118,172,52,0,255,255,255,255,2,0,0,0,,,,,
,,,,,,,,,,,,,,,,,,,,
//BLACKANOTHER左テカリ,,,,,,,,,,,,,,,,,,,,
//SRC定義,(NULL),gr,x,y,w,h,div_x,div_y,cycle,timer,op1,op2,op3,,,,,,,
#SRC_IMAGE,0,2,172,293,172,52,1,1,0,0,0,0,0,,,,,,,
//DST定義,(NULL),time,x,y,w,h,acc,a,r,g,b,blend,filter,angle,center,loop,timer,op1,op2,op3
#DST_IMAGE,0,1100,28,118,172,52,0,255,255,255,255,2,0,0,0,-1,0,154,-3,0
#DST_IMAGE,0,1132,28,118,172,52,0,255,255,255,255,2,0,0,0,,,,,
#DST_IMAGE,0,1133,28,118,172,52,0,0,255,255,255,2,0,0,0,,,,,
#DST_IMAGE,0,1165,28,118,172,52,0,0,255,255,255,2,0,0,0,,,,,
#DST_IMAGE,0,1166,28,118,172,52,0,255,255,255,255,2,0,0,0,,,,,
#DST_IMAGE,0,1199,28,118,172,52,0,255,255,255,255,2,0,0,0,,,,,
,,,,,,,,,,,,,,,,,,,,
//BLACKANOTHER右テカリ,,,,,,,,,,,,,,,,,,,,
//SRC定義,(NULL),gr,x,y,w,h,div_x,div_y,cycle,timer,op1,op2,op3,,,,,,,
#SRC_IMAGE,0,2,172,293,172,52,1,1,0,0,0,0,0,,,,,,,
//DST定義,(NULL),time,x,y,w,h,acc,a,r,g,b,blend,filter,angle,center,loop,timer,op1,op2,op3
#DST_IMAGE,0,1100,1082,118,172,52,0,255,255,255,255,2,0,0,0,-1,0,154,-3,13
#DST_IMAGE,0,1132,1082,118,172,52,0,255,255,255,255,2,0,0,0,,,,,
#DST_IMAGE,0,1133,1082,118,172,52,0,0,255,255,255,2,0,0,0,,,,,
#DST_IMAGE,0,1165,1082,118,172,52,0,0,255,255,255,2,0,0,0,,,,,
#DST_IMAGE,0,1166,1082,118,172,52,0,255,255,255,255,2,0,0,0,,,,,
#DST_IMAGE,0,1199,1082,118,172,52,0,255,255,255,255,2,0,0,0,,,,,
,,,,,,,,,,,,,,,,,,,,
//NORMAL数字左,,,,,,,,,,,,,,,,,,,,
//SRC定義,(NULL),gr,x,y,w,h,div_x,div_y,cycle,timer,num,align,keta,,,,,,,
#SRC_NUMBER,0,0,0,1215,450,44,10,1,0,0,46,0,2,,,,,,,
//DST定義,(NULL),time,x,y,w,h,acc,a,r,g,b,blend,filter,angle,center,loop,timer,op1,op2,op3
#DST_NUMBER,0,0,-188,93,45,44,0,255,255,255,255,1,0,0,0,466,0,152,0,0
#DST_NUMBER,0,366,160,93,45,44,0,255,255,255,255,1,0,0,0,,,,,
#DST_NUMBER,0,433,186,93,45,44,0,255,255,255,255,1,0,0,0,,,,,
#DST_NUMBER,0,466,190,93,45,44,0,255,255,255,255,1,0,0,0,,,,,
,,,,,,,,,,,,,,,,,,,,
//HYPER数字左,,,,,,,,,,,,,,,,,,,,
//SRC定義,(NULL),gr,x,y,w,h,div_x,div_y,cycle,timer,num,align,keta,,,,,,,
#SRC_NUMBER,0,0,0,1260,450,44,10,1,0,0,47,0,2,,,,,,,
//DST定義,(NULL),time,x,y,w,h,acc,a,r,g,b,blend,filter,angle,center,loop,timer,op1,op2,op3
#DST_NUMBER,0,0,-188,93,45,44,0,255,255,255,255,1,0,0,0,466,0,153,0,0
#DST_NUMBER,0,366,160,93,45,44,0,255,255,255,255,1,0,0,0,,,,,
#DST_NUMBER,0,433,186,93,45,44,0,255,255,255,255,1,0,0,0,,,,,
#DST_NUMBER,0,466,190,93,45,44,0,255,255,255,255,1,0,0,0,,,,,
,,,,,,,,,,,,,,,,,,,,
//ANOTHER数字左,,,,,,,,,,,,,,,,,,,,
//SRC定義,(NULL),gr,x,y,w,h,div_x,div_y,cycle,timer,num,align,keta,,,,,,,
#SRC_NUMBER,0,0,0,1305,450,44,10,1,0,0,48,0,2,,,,,,,
//DST定義,(NULL),time,x,y,w,h,acc,a,r,g,b,blend,filter,angle,center,loop,timer,op1,op2,op3
#DST_NUMBER,0,0,-188,93,45,44,0,255,255,255,255,1,0,0,0,466,0,154,0,0
#DST_NUMBER,0,366,160,93,45,44,0,255,255,255,255,1,0,0,0,,,,,
#DST_NUMBER,0,433,186,93,45,44,0,255,255,255,255,1,0,0,0,,,,,
#DST_NUMBER,0,466,190,93,45,44,0,255,255,255,255,1,0,0,0,,,,,
,,,,,,,,,,,,,,,,,,,,
//BEGINNER数字左,,,,,,,,,,,,,,,,,,,,
//SRC定義,(NULL),gr,x,y,w,h,div_x,div_y,cycle,timer,num,align,keta,,,,,,,
#SRC_NUMBER,0,0,0,1170,450,44,10,1,0,0,45,0,2,,,,,,,
//DST定義,(NULL),time,x,y,w,h,acc,a,r,g,b,blend,filter,angle,center,loop,timer,op1,op2,op3
#DST_NUMBER,0,0,-188,93,45,44,0,255,255,255,255,1,0,0,0,466,0,151,0,0
#DST_NUMBER,0,366,160,93,45,44,0,255,255,255,255,1,0,0,0,,,,,
#DST_NUMBER,0,433,186,93,45,44,0,255,255,255,255,1,0,0,0,,,,,
#DST_NUMBER,0,466,190,93,45,44,0,255,255,255,255,1,0,0,0,,,,,
,,,,,,,,,,,,,,,,,,,,
//BLACKANOTHER数字左,,,,,,,,,,,,,,,,,,,,
//SRC定義,(NULL),gr,x,y,w,h,div_x,div_y,cycle,timer,num,align,keta,,,,,,,
#SRC_NUMBER,0,0,0,1350,450,44,10,1,0,0,49,0,2,,,,,,,
//DST定義,(NULL),time,x,y,w,h,acc,a,r,g,b,blend,filter,angle,center,loop,timer,op1,op2,op3
#DST_NUMBER,0,0,-188,93,45,44,0,255,255,255,255,1,0,0,0,466,0,155,0,0
#DST_NUMBER,0,366,160,93,45,44,0,255,255,255,255,1,0,0,0,,,,,
#DST_NUMBER,0,433,186,93,45,44,0,255,255,255,255,1,0,0,0,,,,,
#DST_NUMBER,0,466,190,93,45,44,0,255,255,255,255,1,0,0,0,,,,,
,,,,,,,,,,,,,,,,,,,,
//NORMAL数字右,,,,,,,,,,,,,,,,,,,,
//SRC定義,(NULL),gr,x,y,w,h,div_x,div_y,cycle,timer,num,align,keta,,,,,,,
#SRC_NUMBER,0,0,0,1215,450,44,10,1,0,0,46,0,2,,,,,,,
//DST定義,(NULL),time,x,y,w,h,acc,a,r,g,b,blend,filter,angle,center,loop,timer,op1,op2,op3
#DST_NUMBER,0,0,1336,93,45,44,0,255,255,255,255,1,0,0,0,466,0,152,13,0
#DST_NUMBER,0,366,988,93,45,44,0,255,255,255,255,1,0,0,0,,,,,
#DST_NUMBER,0,433,962,93,45,44,0,255,255,255,255,1,0,0,0,,,,,
#DST_NUMBER,0,466,958,93,45,44,0,255,255,255,255,1,0,0,0,,,,,
,,,,,,,,,,,,,,,,,,,,
//HYPER数字右,,,,,,,,,,,,,,,,,,,,
//SRC定義,(NULL),gr,x,y,w,h,div_x,div_y,cycle,timer,num,align,keta,,,,,,,
#SRC_NUMBER,0,0,0,1260,450,44,10,1,0,0,47,0,2,,,,,,,
//DST定義,(NULL),time,x,y,w,h,acc,a,r,g,b,blend,filter,angle,center,loop,timer,op1,op2,op3
#DST_NUMBER,0,0,1336,93,45,44,0,255,255,255,255,1,0,0,0,466,0,153,13,0
#DST_NUMBER,0,366,988,93,45,44,0,255,255,255,255,1,0,0,0,,,,,
#DST_NUMBER,0,433,962,93,45,44,0,255,255,255,255,1,0,0,0,,,,,
#DST_NUMBER,0,466,958,93,45,44,0,255,255,255,255,1,0,0,0,,,,,
,,,,,,,,,,,,,,,,,,,,
//ANOTHER数字右,,,,,,,,,,,,,,,,,,,,
//SRC定義,(NULL),gr,x,y,w,h,div_x,div_y,cycle,timer,num,align,keta,,,,,,,
#SRC_NUMBER,0,0,0,1305,450,44,10,1,0,0,48,0,2,,,,,,,
//DST定義,(NULL),time,x,y,w,h,acc,a,r,g,b,blend,filter,angle,center,loop,timer,op1,op2,op3
#DST_NUMBER,0,0,1336,93,45,44,0,255,255,255,255,1,0,0,0,466,0,154,13,0
#DST_NUMBER,0,366,988,93,45,44,0,255,255,255,255,1,0,0,0,,,,,
#DST_NUMBER,0,433,962,93,45,44,0,255,255,255,255,1,0,0,0,,,,,
#DST_NUMBER,0,466,958,93,45,44,0,255,255,255,255,1,0,0,0,,,,,
,,,,,,,,,,,,,,,,,,,,
//BEGINNER数字右,,,,,,,,,,,,,,,,,,,,
//SRC定義,(NULL),gr,x,y,w,h,div_x,div_y,cycle,timer,num,align,keta,,,,,,,
#SRC_NUMBER,0,0,0,1170,450,44,10,1,0,0,45,0,2,,,,,,,
//DST定義,(NULL),time,x,y,w,h,acc,a,r,g,b,blend,filter,angle,center,loop,timer,op1,op2,op3
#DST_NUMBER,0,0,1336,93,45,44,0,255,255,255,255,1,0,0,0,466,0,151,13,0
#DST_NUMBER,0,366,988,93,45,44,0,255,255,255,255,1,0,0,0,,,,,
#DST_NUMBER,0,433,962,93,45,44,0,255,255,255,255,1,0,0,0,,,,,
#DST_NUMBER,0,466,958,93,45,44,0,255,255,255,255,1,0,0,0,,,,,
,,,,,,,,,,,,,,,,,,,,
//BLACKANOTHER数字右,,,,,,,,,,,,,,,,,,,,
//SRC定義,(NULL),gr,x,y,w,h,div_x,div_y,cycle,timer,num,align,keta,,,,,,,
#SRC_NUMBER,0,0,0,1350,450,44,10,1,0,0,49,0,2,,,,,,,
//DST定義,(NULL),time,x,y,w,h,acc,a,r,g,b,blend,filter,angle,center,loop,timer,op1,op2,op3
#DST_NUMBER,0,0,1336,93,45,44,0,255,255,255,255,1,0,0,0,466,0,155,13,0
#DST_NUMBER,0,366,988,93,45,44,0,255,255,255,255,1,0,0,0,,,,,
#DST_NUMBER,0,433,962,93,45,44,0,255,255,255,255,1,0,0,0,,,,,
#DST_NUMBER,0,466,958,93,45,44,0,255,255,255,255,1,0,0,0,,,,,
,,,,,,,,,,,,,,,,,,,,
//NORMAL数字左テカリ,,,,,,,,,,,,,,,,,,,,
//SRC定義,(NULL),gr,x,y,w,h,div_x,div_y,cycle,timer,num,align,keta,,,,,,,
#SRC_NUMBER,0,0,0,1215,450,44,10,1,0,0,46,0,2,,,,,,,
//DST定義,(NULL),time,x,y,w,h,acc,a,r,g,b,blend,filter,angle,center,loop,timer,op1,op2,op3
#DST_NUMBER,0,1233,190,93,45,44,0,255,255,255,255,2,0,0,0,-1,0,152,0,0
#DST_NUMBER,0,1265,190,93,45,44,0,255,255,255,255,2,0,0,0,,,,,
#DST_NUMBER,0,1266,190,93,45,44,0,0,255,255,255,2,0,0,0,,,,,
#DST_NUMBER,0,1299,190,93,45,44,0,0,255,255,255,2,0,0,0,,,,,
#DST_NUMBER,0,1300,190,93,45,44,0,255,255,255,255,2,0,0,0,,,,,
#DST_NUMBER,0,1332,190,93,45,44,0,255,255,255,255,2,0,0,0,,,,,
,,,,,,,,,,,,,,,,,,,,
//NORMAL数字右テカリ,,,,,,,,,,,,,,,,,,,,
//SRC定義,(NULL),gr,x,y,w,h,div_x,div_y,cycle,timer,num,align,keta,,,,,,,
#SRC_NUMBER,0,0,0,1215,450,44,10,1,0,0,46,0,2,,,,,,,
//DST定義,(NULL),time,x,y,w,h,acc,a,r,g,b,blend,filter,angle,center,loop,timer,op1,op2,op3
#DST_NUMBER,0,1233,958,93,45,44,0,255,255,255,255,2,0,0,0,-1,0,152,13,0
#DST_NUMBER,0,1265,958,93,45,44,0,255,255,255,255,2,0,0,0,,,,,
#DST_NUMBER,0,1266,958,93,45,44,0,0,255,255,255,2,0,0,0,,,,,
#DST_NUMBER,0,1299,958,93,45,44,0,0,255,255,255,2,0,0,0,,,,,
#DST_NUMBER,0,1300,958,93,45,44,0,255,255,255,255,2,0,0,0,,,,,
#DST_NUMBER,0,1332,958,93,45,44,0,255,255,255,255,2,0,0,0,,,,,
,,,,,,,,,,,,,,,,,,,,
//HYPER数字左テカリ,,,,,,,,,,,,,,,,,,,,
//SRC定義,(NULL),gr,x,y,w,h,div_x,div_y,cycle,timer,num,align,keta,,,,,,,
#SRC_NUMBER,0,0,0,1260,450,44,10,1,0,0,47,0,2,,,,,,,
//DST定義,(NULL),time,x,y,w,h,acc,a,r,g,b,blend,filter,angle,center,loop,timer,op1,op2,op3
#DST_NUMBER,0,1233,190,93,45,44,0,255,255,255,255,2,0,0,0,-1,0,153,0,0
#DST_NUMBER,0,1265,190,93,45,44,0,255,255,255,255,2,0,0,0,,,,,
#DST_NUMBER,0,1266,190,93,45,44,0,0,255,255,255,2,0,0,0,,,,,
#DST_NUMBER,0,1299,190,93,45,44,0,0,255,255,255,2,0,0,0,,,,,
#DST_NUMBER,0,1300,190,93,45,44,0,255,255,255,255,2,0,0,0,,,,,
#DST_NUMBER,0,1332,190,93,45,44,0,255,255,255,255,2,0,0,0,,,,,
,,,,,,,,,,,,,,,,,,,,
//HYPER数字右テカリ,,,,,,,,,,,,,,,,,,,,
//SRC定義,(NULL),gr,x,y,w,h,div_x,div_y,cycle,timer,num,align,keta,,,,,,,
#SRC_NUMBER,0,0,0,1260,450,44,10,1,0,0,47,0,2,,,,,,,
//DST定義,(NULL),time,x,y,w,h,acc,a,r,g,b,blend,filter,angle,center,loop,timer,op1,op2,op3
#DST_NUMBER,0,1233,958,93,45,44,0,255,255,255,255,2,0,0,0,-1,0,153,13,0
#DST_NUMBER,0,1265,958,93,45,44,0,255,255,255,255,2,0,0,0,,,,,
#DST_NUMBER,0,1266,958,93,45,44,0,0,255,255,255,2,0,0,0,,,,,
#DST_NUMBER,0,1299,958,93,45,44,0,0,255,255,255,2,0,0,0,,,,,
#DST_NUMBER,0,1300,958,93,45,44,0,255,255,255,255,2,0,0,0,,,,,
#DST_NUMBER,0,1332,958,93,45,44,0,255,255,255,255,2,0,0,0,,,,,
,,,,,,,,,,,,,,,,,,,,
//ANOTHER数字左テカリ,,,,,,,,,,,,,,,,,,,,
//SRC定義,(NULL),gr,x,y,w,h,div_x,div_y,cycle,timer,num,align,keta,,,,,,,
#SRC_NUMBER,0,0,0,1305,450,44,10,1,0,0,48,0,2,,,,,,,
//DST定義,(NULL),time,x,y,w,h,acc,a,r,g,b,blend,filter,angle,center,loop,timer,op1,op2,op3
#DST_NUMBER,0,1233,190,93,45,44,0,255,255,255,255,2,0,0,0,-1,0,154,0,0
#DST_NUMBER,0,1265,190,93,45,44,0,255,255,255,255,2,0,0,0,,,,,
#DST_NUMBER,0,1266,190,93,45,44,0,0,255,255,255,2,0,0,0,,,,,
#DST_NUMBER,0,1299,190,93,45,44,0,0,255,255,255,2,0,0,0,,,,,
#DST_NUMBER,0,1300,190,93,45,44,0,255,255,255,255,2,0,0,0,,,,,
#DST_NUMBER,0,1332,190,93,45,44,0,255,255,255,255,2,0,0,0,,,,,
,,,,,,,,,,,,,,,,,,,,
//ANOTHER数字右テカリ,,,,,,,,,,,,,,,,,,,,
//SRC定義,(NULL),gr,x,y,w,h,div_x,div_y,cycle,timer,num,align,keta,,,,,,,
#SRC_NUMBER,0,0,0,1305,450,44,10,1,0,0,48,0,2,,,,,,,
//DST定義,(NULL),time,x,y,w,h,acc,a,r,g,b,blend,filter,angle,center,loop,timer,op1,op2,op3
#DST_NUMBER,0,1233,958,93,45,44,0,255,255,255,255,2,0,0,0,-1,0,154,13,0
#DST_NUMBER,0,1265,958,93,45,44,0,255,255,255,255,2,0,0,0,,,,,
#DST_NUMBER,0,1266,958,93,45,44,0,0,255,255,255,2,0,0,0,,,,,
#DST_NUMBER,0,1299,958,93,45,44,0,0,255,255,255,2,0,0,0,,,,,
#DST_NUMBER,0,1300,958,93,45,44,0,255,255,255,255,2,0,0,0,,,,,
#DST_NUMBER,0,1332,958,93,45,44,0,255,255,255,255,2,0,0,0,,,,,
,,,,,,,,,,,,,,,,,,,,
//BEGINNER数字左テカリ,,,,,,,,,,,,,,,,,,,,
//SRC定義,(NULL),gr,x,y,w,h,div_x,div_y,cycle,timer,num,align,keta,,,,,,,
#SRC_NUMBER,0,0,0,1170,450,44,10,1,0,0,45,0,2,,,,,,,
//DST定義,(NULL),time,x,y,w,h,acc,a,r,g,b,blend,filter,angle,center,loop,timer,op1,op2,op3
#DST_NUMBER,0,1233,190,93,45,44,0,255,255,255,255,2,0,0,0,-1,0,151,0,0
#DST_NUMBER,0,1265,190,93,45,44,0,255,255,255,255,2,0,0,0,,,,,
#DST_NUMBER,0,1266,190,93,45,44,0,0,255,255,255,2,0,0,0,,,,,
#DST_NUMBER,0,1299,190,93,45,44,0,0,255,255,255,2,0,0,0,,,,,
#DST_NUMBER,0,1300,190,93,45,44,0,255,255,255,255,2,0,0,0,,,,,
#DST_NUMBER,0,1332,190,93,45,44,0,255,255,255,255,2,0,0,0,,,,,
,,,,,,,,,,,,,,,,,,,,
//BEGINNER数字右テカリ,,,,,,,,,,,,,,,,,,,,
//SRC定義,(NULL),gr,x,y,w,h,div_x,div_y,cycle,timer,num,align,keta,,,,,,,
#SRC_NUMBER,0,0,0,1170,450,44,10,1,0,0,45,0,2,,,,,,,
//DST定義,(NULL),time,x,y,w,h,acc,a,r,g,b,blend,filter,angle,center,loop,timer,op1,op2,op3
#DST_NUMBER,0,1233,958,93,45,44,0,255,255,255,255,2,0,0,0,-1,0,151,13,0
#DST_NUMBER,0,1265,958,93,45,44,0,255,255,255,255,2,0,0,0,,,,,
#DST_NUMBER,0,1266,958,93,45,44,0,0,255,255,255,2,0,0,0,,,,,
#DST_NUMBER,0,1299,958,93,45,44,0,0,255,255,255,2,0,0,0,,,,,
#DST_NUMBER,0,1300,958,93,45,44,0,255,255,255,255,2,0,0,0,,,,,
#DST_NUMBER,0,1332,958,93,45,44,0,255,255,255,255,2,0,0,0,,,,,
,,,,,,,,,,,,,,,,,,,,
//BLACKANOTHER数字左テカリ,,,,,,,,,,,,,,,,,,,,
//SRC定義,(NULL),gr,x,y,w,h,div_x,div_y,cycle,timer,num,align,keta,,,,,,,
#SRC_NUMBER,0,0,0,1350,450,44,10,1,0,0,49,0,2,,,,,,,
//DST定義,(NULL),time,x,y,w,h,acc,a,r,g,b,blend,filter,angle,center,loop,timer,op1,op2,op3
#DST_NUMBER,0,1233,190,93,45,44,0,255,255,255,255,2,0,0,0,-1,0,155,0,0
#DST_NUMBER,0,1265,190,93,45,44,0,255,255,255,255,2,0,0,0,,,,,
#DST_NUMBER,0,1266,190,93,45,44,0,0,255,255,255,2,0,0,0,,,,,
#DST_NUMBER,0,1299,190,93,45,44,0,0,255,255,255,2,0,0,0,,,,,
#DST_NUMBER,0,1300,190,93,45,44,0,255,255,255,255,2,0,0,0,,,,,
#DST_NUMBER,0,1332,190,93,45,44,0,255,255,255,255,2,0,0,0,,,,,
,,,,,,,,,,,,,,,,,,,,
//BLACKANOTHER数字右テカリ,,,,,,,,,,,,,,,,,,,,
//SRC定義,(NULL),gr,x,y,w,h,div_x,div_y,cycle,timer,num,align,keta,,,,,,,
#SRC_NUMBER,0,0,0,1350,450,44,10,1,0,0,49,0,2,,,,,,,
//DST定義,(NULL),time,x,y,w,h,acc,a,r,g,b,blend,filter,angle,center,loop,timer,op1,op2,op3
#DST_NUMBER,0,1233,958,93,45,44,0,255,255,255,255,2,0,0,0,-1,0,155,13,0
#DST_NUMBER,0,1265,958,93,45,44,0,255,255,255,255,2,0,0,0,,,,,
#DST_NUMBER,0,1266,958,93,45,44,0,0,255,255,255,2,0,0,0,,,,,
#DST_NUMBER,0,1299,958,93,45,44,0,0,255,255,255,2,0,0,0,,,,,
#DST_NUMBER,0,1300,958,93,45,44,0,255,255,255,255,2,0,0,0,,,,,
#DST_NUMBER,0,1332,958,93,45,44,0,255,255,255,255,2,0,0,0,,,,,
,,,,,,,,,,,,,,,,,,,,
#ELSEIF,921,,,,,,,,,,,,,,,,,,,
//難易度土台左,,,,,,,,,,,,,,,,,,,,
//SRC定義,(NULL),gr,x,y,w,h,div_x,div_y,cycle,timer,op1,op2,op3,,,,,,,
#SRC_IMAGE,0,2,0,0,431,87,1,1,0,0,0,0,0,,,,,,,
//DST定義,(NULL),time,x,y,w,h,acc,a,r,g,b,blend,filter,angle,center,loop,timer,op1,op2,op3
#DST_IMAGE,0,0,-432,73.5,431,87,0,255,255,255,255,1,0,0,0,466,0,-3,13,0
#DST_IMAGE,0,366,-84,73.5,431,87,0,255,255,255,255,1,0,0,0,,,,,
#DST_IMAGE,0,433,-58,73.5,431,87,0,255,255,255,255,1,0,0,0,,,,,
#DST_IMAGE,0,466,-54,73.5,431,87,0,255,255,255,255,1,0,0,0,,,,,
,,,,,,,,,,,,,,,,,,,,
//難易度土台右,,,,,,,,,,,,,,,,,,,,
//SRC定義,(NULL),gr,x,y,w,h,div_x,div_y,cycle,timer,op1,op2,op3,,,,,,,
#SRC_IMAGE,0,2,0,90,431,87,1,1,0,0,0,0,0,,,,,,,
//DST定義,(NULL),time,x,y,w,h,acc,a,r,g,b,blend,filter,angle,center,loop,timer,op1,op2,op3
#DST_IMAGE,0,0,1280,73.5,431,87,0,255,255,255,255,1,0,0,0,466,0,-3,0,0
#DST_IMAGE,0,366,932,73.5,431,87,0,255,255,255,255,1,0,0,0,,,,,
#DST_IMAGE,0,433,906,73.5,431,87,0,255,255,255,255,1,0,0,0,,,,,
#DST_IMAGE,0,466,902,73.5,431,87,0,255,255,255,255,1,0,0,0,,,,,
,,,,,,,,,,,,,,,,,,,,
"//""PLAYER01""",,,,,,,,,,,,,,,,,,,,
//SRC定義,(NULL),gr,x,y,w,h,div_x,div_y,cycle,timer,op1,op2,op3,,,,,,,
#SRC_IMAGE,0,2,0,180,133,19,1,1,0,0,0,0,0,,,,,,,
//DST定義,(NULL),time,x,y,w,h,acc,a,r,g,b,blend,filter,angle,center,loop,timer,op1,op2,op3
#DST_IMAGE,0,0,-352,94,133,19,0,255,255,255,255,1,0,0,0,466,0,-3,13,0
#DST_IMAGE,0,366,-4,94,133,19,0,255,255,255,255,1,0,0,0,,,,,
#DST_IMAGE,0,433,22,94,133,19,0,255,255,255,255,1,0,0,0,,,,,
#DST_IMAGE,0,466,26,94,133,19,0,255,255,255,255,1,0,0,0,,,,,
,,,,,,,,,,,,,,,,,,,,
"//""PLAYER02""",,,,,,,,,,,,,,,,,,,,
//SRC定義,(NULL),gr,x,y,w,h,div_x,div_y,cycle,timer,op1,op2,op3,,,,,,,
#SRC_IMAGE,0,2,135,180,143,19,1,1,0,0,0,0,0,,,,,,,
//DST定義,(NULL),time,x,y,w,h,acc,a,r,g,b,blend,filter,angle,center,loop,timer,op1,op2,op3
#DST_IMAGE,0,0,1490,94,143,19,0,255,255,255,255,1,0,0,0,466,0,-3,0,0
#DST_IMAGE,0,366,1142,94,143,19,0,255,255,255,255,1,0,0,0,,,,,
#DST_IMAGE,0,433,1116,94,143,19,0,255,255,255,255,1,0,0,0,,,,,
#DST_IMAGE,0,466,1112,94,143,19,0,255,255,255,255,1,0,0,0,,,,,
,,,,,,,,,,,,,,,,,,,,
"//""PLAYER01""テカリ",,,,,,,,,,,,,,,,,,,,
//SRC定義,(NULL),gr,x,y,w,h,div_x,div_y,cycle,timer,op1,op2,op3,,,,,,,
#SRC_IMAGE,0,2,0,200,133,19,1,1,0,0,0,0,0,,,,,,,
//DST定義,(NULL),time,x,y,w,h,acc,a,r,g,b,blend,filter,angle,center,loop,timer,op1,op2,op3
#DST_IMAGE,0,966,26,94,133,19,0,255,255,255,255,1,0,0,0,-1,0,-3,13,0
#DST_IMAGE,0,999,26,94,133,19,0,255,255,255,255,1,0,0,0,,,,,
#DST_IMAGE,0,1000,26,94,133,19,0,0,255,255,255,1,0,0,0,,,,,
#DST_IMAGE,0,1032,26,94,133,19,0,0,255,255,255,1,0,0,0,,,,,
#DST_IMAGE,0,1033,26,94,133,19,0,255,255,255,255,1,0,0,0,,,,,
#DST_IMAGE,0,1065,26,94,133,19,0,255,255,255,255,1,0,0,0,,,,,
,,,,,,,,,,,,,,,,,,,,
"//""PLAYER02""テカリ",,,,,,,,,,,,,,,,,,,,
//SRC定義,(NULL),gr,x,y,w,h,div_x,div_y,cycle,timer,op1,op2,op3,,,,,,,
#SRC_IMAGE,0,2,135,200,143,19,1,1,0,0,0,0,0,,,,,,,
//DST定義,(NULL),time,x,y,w,h,acc,a,r,g,b,blend,filter,angle,center,loop,timer,op1,op2,op3
#DST_IMAGE,0,966,1112,94,143,19,0,255,255,255,255,1,0,0,0,-1,0,-3,0,0
#DST_IMAGE,0,999,1112,94,143,19,0,255,255,255,255,1,0,0,0,,,,,
#DST_IMAGE,0,1000,1112,94,143,19,0,0,255,255,255,1,0,0,0,,,,,
#DST_IMAGE,0,1032,1112,94,143,19,0,0,255,255,255,1,0,0,0,,,,,
#DST_IMAGE,0,1033,1112,94,143,19,0,255,255,255,255,1,0,0,0,,,,,
#DST_IMAGE,0,1065,1112,94,143,19,0,255,255,255,255,1,0,0,0,,,,,
,,,,,,,,,,,,,,,,,,,,
"//""LEVEL""左",,,,,,,,,,,,,,,,,,,,
//SRC定義,(NULL),gr,x,y,w,h,div_x,div_y,cycle,timer,op1,op2,op3,,,,,,,
#SRC_IMAGE,0,2,0,220,61,19,1,1,0,0,0,0,0,,,,,,,
//DST定義,(NULL),time,x,y,w,h,acc,a,r,g,b,blend,filter,angle,center,loop,timer,op1,op2,op3
#DST_IMAGE,0,0,-86,114,61,19,0,255,255,255,255,1,0,0,0,466,0,-3,13,0
#DST_IMAGE,0,366,262,114,61,19,0,255,255,255,255,1,0,0,0,,,,,
#DST_IMAGE,0,433,288,114,61,19,0,255,255,255,255,1,0,0,0,,,,,
#DST_IMAGE,0,466,292,114,61,19,0,255,255,255,255,1,0,0,0,,,,,
,,,,,,,,,,,,,,,,,,,,
"//""LEVEL""右",,,,,,,,,,,,,,,,,,,,
//SRC定義,(NULL),gr,x,y,w,h,div_x,div_y,cycle,timer,op1,op2,op3,,,,,,,
#SRC_IMAGE,0,2,0,220,61,19,1,1,0,0,0,0,0,,,,,,,
//DST定義,(NULL),time,x,y,w,h,acc,a,r,g,b,blend,filter,angle,center,loop,timer,op1,op2,op3
#DST_IMAGE,0,0,1302,114,61,19,0,255,255,255,255,1,0,0,0,466,0,-3,0,0
#DST_IMAGE,0,366,954,114,61,19,0,255,255,255,255,1,0,0,0,,,,,
#DST_IMAGE,0,433,928,114,61,19,0,255,255,255,255,1,0,0,0,,,,,
#DST_IMAGE,0,466,924,114,61,19,0,255,255,255,255,1,0,0,0,,,,,
,,,,,,,,,,,,,,,,,,,,
//NORMAL左,,,,,,,,,,,,,,,,,,,,
//SRC定義,(NULL),gr,x,y,w,h,div_x,div_y,cycle,timer,op1,op2,op3,,,,,,,
#SRC_IMAGE,0,2,0,240,172,52,1,1,0,0,0,0,0,,,,,,,
//DST定義,(NULL),time,x,y,w,h,acc,a,r,g,b,blend,filter,angle,center,loop,timer,op1,op2,op3
#DST_IMAGE,0,0,-350,118,172,52,0,255,255,255,255,1,0,0,0,466,0,152,-3,13
#DST_IMAGE,0,366,-2,118,172,52,0,255,255,255,255,1,0,0,0,,,,,
#DST_IMAGE,0,433,24,118,172,52,0,255,255,255,255,1,0,0,0,,,,,
#DST_IMAGE,0,466,28,118,172,52,0,255,255,255,255,1,0,0,0,,,,,
,,,,,,,,,,,,,,,,,,,,
//HYPER左,,,,,,,,,,,,,,,,,,,,
//SRC定義,(NULL),gr,x,y,w,h,div_x,div_y,cycle,timer,op1,op2,op3,,,,,,,
#SRC_IMAGE,0,2,172,240,172,52,1,1,0,0,0,0,0,,,,,,,
//DST定義,(NULL),time,x,y,w,h,acc,a,r,g,b,blend,filter,angle,center,loop,timer,op1,op2,op3
#DST_IMAGE,0,0,-350,118,172,52,0,255,255,255,255,1,0,0,0,466,0,153,-3,13
#DST_IMAGE,0,366,-2,118,172,52,0,255,255,255,255,1,0,0,0,,,,,
#DST_IMAGE,0,433,24,118,172,52,0,255,255,255,255,1,0,0,0,,,,,
#DST_IMAGE,0,466,28,118,172,52,0,255,255,255,255,1,0,0,0,,,,,
,,,,,,,,,,,,,,,,,,,,
//ANOTHER左,,,,,,,,,,,,,,,,,,,,
//SRC定義,(NULL),gr,x,y,w,h,div_x,div_y,cycle,timer,op1,op2,op3,,,,,,,
#SRC_IMAGE,0,2,344,240,172,52,1,1,0,0,0,0,0,,,,,,,
//DST定義,(NULL),time,x,y,w,h,acc,a,r,g,b,blend,filter,angle,center,loop,timer,op1,op2,op3
#DST_IMAGE,0,0,-350,118,172,52,0,255,255,255,255,1,0,0,0,466,0,154,-3,13
#DST_IMAGE,0,366,-2,118,172,52,0,255,255,255,255,1,0,0,0,,,,,
#DST_IMAGE,0,433,24,118,172,52,0,255,255,255,255,1,0,0,0,,,,,
#DST_IMAGE,0,466,28,118,172,52,0,255,255,255,255,1,0,0,0,,,,,
,,,,,,,,,,,,,,,,,,,,
//BEGINNER左,,,,,,,,,,,,,,,,,,,,
//SRC定義,(NULL),gr,x,y,w,h,div_x,div_y,cycle,timer,op1,op2,op3,,,,,,,
#SRC_IMAGE,0,2,0,293,172,52,1,1,0,0,0,0,0,,,,,,,
//DST定義,(NULL),time,x,y,w,h,acc,a,r,g,b,blend,filter,angle,center,loop,timer,op1,op2,op3
#DST_IMAGE,0,0,-350,118,172,52,0,255,255,255,255,1,0,0,0,466,0,151,-3,13
#DST_IMAGE,0,366,-2,118,172,52,0,255,255,255,255,1,0,0,0,,,,,
#DST_IMAGE,0,433,24,118,172,52,0,255,255,255,255,1,0,0,0,,,,,
#DST_IMAGE,0,466,28,118,172,52,0,255,255,255,255,1,0,0,0,,,,,
,,,,,,,,,,,,,,,,,,,,
//BLACKANOTHER左,,,,,,,,,,,,,,,,,,,,
//SRC定義,(NULL),gr,x,y,w,h,div_x,div_y,cycle,timer,op1,op2,op3,,,,,,,
#SRC_IMAGE,0,2,172,293,172,52,1,1,0,0,0,0,0,,,,,,,
//DST定義,(NULL),time,x,y,w,h,acc,a,r,g,b,blend,filter,angle,center,loop,timer,op1,op2,op3
#DST_IMAGE,0,0,-350,118,172,52,0,255,255,255,255,1,0,0,0,466,0,155,-3,13
#DST_IMAGE,0,366,-2,118,172,52,0,255,255,255,255,1,0,0,0,,,,,
#DST_IMAGE,0,433,24,118,172,52,0,255,255,255,255,1,0,0,0,,,,,
#DST_IMAGE,0,466,28,118,172,52,0,255,255,255,255,1,0,0,0,,,,,
,,,,,,,,,,,,,,,,,,,,
//NORMAL右,,,,,,,,,,,,,,,,,,,,
//SRC定義,(NULL),gr,x,y,w,h,div_x,div_y,cycle,timer,op1,op2,op3,,,,,,,
#SRC_IMAGE,0,2,0,240,172,52,1,1,0,0,0,0,0,,,,,,,
//DST定義,(NULL),time,x,y,w,h,acc,a,r,g,b,blend,filter,angle,center,loop,timer,op1,op2,op3
#DST_IMAGE,0,0,1460,118,172,52,0,255,255,255,255,1,0,0,0,466,0,152,-3,0
#DST_IMAGE,0,366,1112,118,172,52,0,255,255,255,255,1,0,0,0,,,,,
#DST_IMAGE,0,433,1086,118,172,52,0,255,255,255,255,1,0,0,0,,,,,
#DST_IMAGE,0,466,1082,118,172,52,0,255,255,255,255,1,0,0,0,,,,,
,,,,,,,,,,,,,,,,,,,,
//HYPER右,,,,,,,,,,,,,,,,,,,,
//SRC定義,(NULL),gr,x,y,w,h,div_x,div_y,cycle,timer,op1,op2,op3,,,,,,,
#SRC_IMAGE,0,2,172,240,172,52,1,1,0,0,0,0,0,,,,,,,
//DST定義,(NULL),time,x,y,w,h,acc,a,r,g,b,blend,filter,angle,center,loop,timer,op1,op2,op3
#DST_IMAGE,0,0,1460,118,172,52,0,255,255,255,255,1,0,0,0,466,0,153,-3,0
#DST_IMAGE,0,366,1112,118,172,52,0,255,255,255,255,1,0,0,0,,,,,
#DST_IMAGE,0,433,1086,118,172,52,0,255,255,255,255,1,0,0,0,,,,,
#DST_IMAGE,0,466,1082,118,172,52,0,255,255,255,255,1,0,0,0,,,,,
,,,,,,,,,,,,,,,,,,,,
//ANOTHER右,,,,,,,,,,,,,,,,,,,,
//SRC定義,(NULL),gr,x,y,w,h,div_x,div_y,cycle,timer,op1,op2,op3,,,,,,,
#SRC_IMAGE,0,2,344,240,172,52,1,1,0,0,0,0,0,,,,,,,
//DST定義,(NULL),time,x,y,w,h,acc,a,r,g,b,blend,filter,angle,center,loop,timer,op1,op2,op3
#DST_IMAGE,0,0,1460,118,172,52,0,255,255,255,255,1,0,0,0,466,0,154,-3,0
#DST_IMAGE,0,366,1112,118,172,52,0,255,255,255,255,1,0,0,0,,,,,
#DST_IMAGE,0,433,1086,118,172,52,0,255,255,255,255,1,0,0,0,,,,,
#DST_IMAGE,0,466,1082,118,172,52,0,255,255,255,255,1,0,0,0,,,,,
,,,,,,,,,,,,,,,,,,,,
//BEGINNER右,,,,,,,,,,,,,,,,,,,,
//SRC定義,(NULL),gr,x,y,w,h,div_x,div_y,cycle,timer,op1,op2,op3,,,,,,,
#SRC_IMAGE,0,2,0,293,172,52,1,1,0,0,0,0,0,,,,,,,
//DST定義,(NULL),time,x,y,w,h,acc,a,r,g,b,blend,filter,angle,center,loop,timer,op1,op2,op3
#DST_IMAGE,0,0,1460,118,172,52,0,255,255,255,255,1,0,0,0,466,0,151,-3,0
#DST_IMAGE,0,366,1112,118,172,52,0,255,255,255,255,1,0,0,0,,,,,
#DST_IMAGE,0,433,1086,118,172,52,0,255,255,255,255,1,0,0,0,,,,,
#DST_IMAGE,0,466,1082,118,172,52,0,255,255,255,255,1,0,0,0,,,,,
,,,,,,,,,,,,,,,,,,,,
//BLACKANOTHER右,,,,,,,,,,,,,,,,,,,,
//SRC定義,(NULL),gr,x,y,w,h,div_x,div_y,cycle,timer,op1,op2,op3,,,,,,,
#SRC_IMAGE,0,2,172,293,172,52,1,1,0,0,0,0,0,,,,,,,
//DST定義,(NULL),time,x,y,w,h,acc,a,r,g,b,blend,filter,angle,center,loop,timer,op1,op2,op3
#DST_IMAGE,0,0,1460,118,172,52,0,255,255,255,255,1,0,0,0,466,0,155,-3,0
#DST_IMAGE,0,366,1112,118,172,52,0,255,255,255,255,1,0,0,0,,,,,
#DST_IMAGE,0,433,1086,118,172,52,0,255,255,255,255,1,0,0,0,,,,,
#DST_IMAGE,0,466,1082,118,172,52,0,255,255,255,255,1,0,0,0,,,,,
,,,,,,,,,,,,,,,,,,,,
//NORMAL左テカリ,,,,,,,,,,,,,,,,,,,,
//SRC定義,(NULL),gr,x,y,w,h,div_x,div_y,cycle,timer,op1,op2,op3,,,,,,,
#SRC_IMAGE,0,2,0,240,172,52,1,1,0,0,0,0,0,,,,,,,
//DST定義,(NULL),time,x,y,w,h,acc,a,r,g,b,blend,filter,angle,center,loop,timer,op1,op2,op3
#DST_IMAGE,0,1100,28,118,172,52,0,255,255,255,255,2,0,0,0,-1,0,152,-3,13
#DST_IMAGE,0,1132,28,118,172,52,0,255,255,255,255,2,0,0,0,,,,,
#DST_IMAGE,0,1133,28,118,172,52,0,0,255,255,255,2,0,0,0,,,,,
#DST_IMAGE,0,1165,28,118,172,52,0,0,255,255,255,2,0,0,0,,,,,
#DST_IMAGE,0,1166,28,118,172,52,0,255,255,255,255,2,0,0,0,,,,,
#DST_IMAGE,0,1199,28,118,172,52,0,255,255,255,255,2,0,0,0,,,,,
,,,,,,,,,,,,,,,,,,,,
//NORMAL右テカリ,,,,,,,,,,,,,,,,,,,,
//SRC定義,(NULL),gr,x,y,w,h,div_x,div_y,cycle,timer,op1,op2,op3,,,,,,,
#SRC_IMAGE,0,2,0,240,172,52,1,1,0,0,0,0,0,,,,,,,
//DST定義,(NULL),time,x,y,w,h,acc,a,r,g,b,blend,filter,angle,center,loop,timer,op1,op2,op3
#DST_IMAGE,0,1100,1082,118,172,52,0,255,255,255,255,2,0,0,0,-1,0,152,-3,0
#DST_IMAGE,0,1132,1082,118,172,52,0,255,255,255,255,2,0,0,0,,,,,
#DST_IMAGE,0,1133,1082,118,172,52,0,0,255,255,255,2,0,0,0,,,,,
#DST_IMAGE,0,1165,1082,118,172,52,0,0,255,255,255,2,0,0,0,,,,,
#DST_IMAGE,0,1166,1082,118,172,52,0,255,255,255,255,2,0,0,0,,,,,
#DST_IMAGE,0,1199,1082,118,172,52,0,255,255,255,255,2,0,0,0,,,,,
,,,,,,,,,,,,,,,,,,,,
//HYPER左テカリ,,,,,,,,,,,,,,,,,,,,
//SRC定義,(NULL),gr,x,y,w,h,div_x,div_y,cycle,timer,op1,op2,op3,,,,,,,
#SRC_IMAGE,0,2,172,240,172,52,1,1,0,0,0,0,0,,,,,,,
//DST定義,(NULL),time,x,y,w,h,acc,a,r,g,b,blend,filter,angle,center,loop,timer,op1,op2,op3
#DST_IMAGE,0,1100,28,118,172,52,0,255,255,255,255,2,0,0,0,-1,0,153,-3,13
#DST_IMAGE,0,1132,28,118,172,52,0,255,255,255,255,2,0,0,0,,,,,
#DST_IMAGE,0,1133,28,118,172,52,0,0,255,255,255,2,0,0,0,,,,,
#DST_IMAGE,0,1165,28,118,172,52,0,0,255,255,255,2,0,0,0,,,,,
#DST_IMAGE,0,1166,28,118,172,52,0,255,255,255,255,2,0,0,0,,,,,
#DST_IMAGE,0,1199,28,118,172,52,0,255,255,255,255,2,0,0,0,,,,,
,,,,,,,,,,,,,,,,,,,,
//HYPER右テカリ,,,,,,,,,,,,,,,,,,,,
//SRC定義,(NULL),gr,x,y,w,h,div_x,div_y,cycle,timer,op1,op2,op3,,,,,,,
#SRC_IMAGE,0,2,172,240,172,52,1,1,0,0,0,0,0,,,,,,,
//DST定義,(NULL),time,x,y,w,h,acc,a,r,g,b,blend,filter,angle,center,loop,timer,op1,op2,op3
#DST_IMAGE,0,1100,1082,118,172,52,0,255,255,255,255,2,0,0,0,-1,0,153,-3,0
#DST_IMAGE,0,1132,1082,118,172,52,0,255,255,255,255,2,0,0,0,,,,,
#DST_IMAGE,0,1133,1082,118,172,52,0,0,255,255,255,2,0,0,0,,,,,
#DST_IMAGE,0,1165,1082,118,172,52,0,0,255,255,255,2,0,0,0,,,,,
#DST_IMAGE,0,1166,1082,118,172,52,0,255,255,255,255,2,0,0,0,,,,,
#DST_IMAGE,0,1199,1082,118,172,52,0,255,255,255,255,2,0,0,0,,,,,
,,,,,,,,,,,,,,,,,,,,
//ANOTHER左テカリ,,,,,,,,,,,,,,,,,,,,
//SRC定義,(NULL),gr,x,y,w,h,div_x,div_y,cycle,timer,op1,op2,op3,,,,,,,
#SRC_IMAGE,0,2,344,240,172,52,1,1,0,0,0,0,0,,,,,,,
//DST定義,(NULL),time,x,y,w,h,acc,a,r,g,b,blend,filter,angle,center,loop,timer,op1,op2,op3
#DST_IMAGE,0,1100,28,118,172,52,0,255,255,255,255,2,0,0,0,-1,0,154,-3,13
#DST_IMAGE,0,1132,28,118,172,52,0,255,255,255,255,2,0,0,0,,,,,
#DST_IMAGE,0,1133,28,118,172,52,0,0,255,255,255,2,0,0,0,,,,,
#DST_IMAGE,0,1165,28,118,172,52,0,0,255,255,255,2,0,0,0,,,,,
#DST_IMAGE,0,1166,28,118,172,52,0,255,255,255,255,2,0,0,0,,,,,
#DST_IMAGE,0,1199,28,118,172,52,0,255,255,255,255,2,0,0,0,,,,,
,,,,,,,,,,,,,,,,,,,,
//ANOTHER右テカリ,,,,,,,,,,,,,,,,,,,,
//SRC定義,(NULL),gr,x,y,w,h,div_x,div_y,cycle,timer,op1,op2,op3,,,,,,,
#SRC_IMAGE,0,2,344,240,172,52,1,1,0,0,0,0,0,,,,,,,
//DST定義,(NULL),time,x,y,w,h,acc,a,r,g,b,blend,filter,angle,center,loop,timer,op1,op2,op3
#DST_IMAGE,0,1100,1082,118,172,52,0,255,255,255,255,2,0,0,0,-1,0,154,-3,0
#DST_IMAGE,0,1132,1082,118,172,52,0,255,255,255,255,2,0,0,0,,,,,
#DST_IMAGE,0,1133,1082,118,172,52,0,0,255,255,255,2,0,0,0,,,,,
#DST_IMAGE,0,1165,1082,118,172,52,0,0,255,255,255,2,0,0,0,,,,,
#DST_IMAGE,0,1166,1082,118,172,52,0,255,255,255,255,2,0,0,0,,,,,
#DST_IMAGE,0,1199,1082,118,172,52,0,255,255,255,255,2,0,0,0,,,,,
,,,,,,,,,,,,,,,,,,,,
//BEGINNER左テカリ,,,,,,,,,,,,,,,,,,,,
//SRC定義,(NULL),gr,x,y,w,h,div_x,div_y,cycle,timer,op1,op2,op3,,,,,,,
#SRC_IMAGE,0,2,0,293,172,52,1,1,0,0,0,0,0,,,,,,,
//DST定義,(NULL),time,x,y,w,h,acc,a,r,g,b,blend,filter,angle,center,loop,timer,op1,op2,op3
#DST_IMAGE,0,1100,28,118,172,52,0,255,255,255,255,2,0,0,0,-1,0,151,-3,13
#DST_IMAGE,0,1132,28,118,172,52,0,255,255,255,255,2,0,0,0,,,,,
#DST_IMAGE,0,1133,28,118,172,52,0,0,255,255,255,2,0,0,0,,,,,
#DST_IMAGE,0,1165,28,118,172,52,0,0,255,255,255,2,0,0,0,,,,,
#DST_IMAGE,0,1166,28,118,172,52,0,255,255,255,255,2,0,0,0,,,,,
#DST_IMAGE,0,1199,28,118,172,52,0,255,255,255,255,2,0,0,0,,,,,
,,,,,,,,,,,,,,,,,,,,
//BEGINNER右テカリ,,,,,,,,,,,,,,,,,,,,
//SRC定義,(NULL),gr,x,y,w,h,div_x,div_y,cycle,timer,op1,op2,op3,,,,,,,
#SRC_IMAGE,0,2,0,293,172,52,1,1,0,0,0,0,0,,,,,,,
//DST定義,(NULL),time,x,y,w,h,acc,a,r,g,b,blend,filter,angle,center,loop,timer,op1,op2,op3
#DST_IMAGE,0,1100,1082,118,172,52,0,255,255,255,255,2,0,0,0,-1,0,151,-3,0
#DST_IMAGE,0,1132,1082,118,172,52,0,255,255,255,255,2,0,0,0,,,,,
#DST_IMAGE,0,1133,1082,118,172,52,0,0,255,255,255,2,0,0,0,,,,,
#DST_IMAGE,0,1165,1082,118,172,52,0,0,255,255,255,2,0,0,0,,,,,
#DST_IMAGE,0,1166,1082,118,172,52,0,255,255,255,255,2,0,0,0,,,,,
#DST_IMAGE,0,1199,1082,118,172,52,0,255,255,255,255,2,0,0,0,,,,,
,,,,,,,,,,,,,,,,,,,,
//BLACKANOTHER左テカリ,,,,,,,,,,,,,,,,,,,,
//SRC定義,(NULL),gr,x,y,w,h,div_x,div_y,cycle,timer,op1,op2,op3,,,,,,,
#SRC_IMAGE,0,2,172,293,172,52,1,1,0,0,0,0,0,,,,,,,
//DST定義,(NULL),time,x,y,w,h,acc,a,r,g,b,blend,filter,angle,center,loop,timer,op1,op2,op3
#DST_IMAGE,0,1100,28,118,172,52,0,255,255,255,255,2,0,0,0,-1,0,154,-3,13
#DST_IMAGE,0,1132,28,118,172,52,0,255,255,255,255,2,0,0,0,,,,,
#DST_IMAGE,0,1133,28,118,172,52,0,0,255,255,255,2,0,0,0,,,,,
#DST_IMAGE,0,1165,28,118,172,52,0,0,255,255,255,2,0,0,0,,,,,
#DST_IMAGE,0,1166,28,118,172,52,0,255,255,255,255,2,0,0,0,,,,,
#DST_IMAGE,0,1199,28,118,172,52,0,255,255,255,255,2,0,0,0,,,,,
,,,,,,,,,,,,,,,,,,,,
//BLACKANOTHER右テカリ,,,,,,,,,,,,,,,,,,,,
//SRC定義,(NULL),gr,x,y,w,h,div_x,div_y,cycle,timer,op1,op2,op3,,,,,,,
#SRC_IMAGE,0,2,172,293,172,52,1,1,0,0,0,0,0,,,,,,,
//DST定義,(NULL),time,x,y,w,h,acc,a,r,g,b,blend,filter,angle,center,loop,timer,op1,op2,op3
#DST_IMAGE,0,1100,1082,118,172,52,0,255,255,255,255,2,0,0,0,-1,0,154,-3,0
#DST_IMAGE,0,1132,1082,118,172,52,0,255,255,255,255,2,0,0,0,,,,,
#DST_IMAGE,0,1133,1082,118,172,52,0,0,255,255,255,2,0,0,0,,,,,
#DST_IMAGE,0,1165,1082,118,172,52,0,0,255,255,255,2,0,0,0,,,,,
#DST_IMAGE,0,1166,1082,118,172,52,0,255,255,255,255,2,0,0,0,,,,,
#DST_IMAGE,0,1199,1082,118,172,52,0,255,255,255,255,2,0,0,0,,,,,
,,,,,,,,,,,,,,,,,,,,
//NORMAL数字左,,,,,,,,,,,,,,,,,,,,
//SRC定義,(NULL),gr,x,y,w,h,div_x,div_y,cycle,timer,num,align,keta,,,,,,,
#SRC_NUMBER,0,0,0,1215,450,44,10,1,0,0,46,0,2,,,,,,,
//DST定義,(NULL),time,x,y,w,h,acc,a,r,g,b,blend,filter,angle,center,loop,timer,op1,op2,op3
#DST_NUMBER,0,0,-188,93,45,44,0,255,255,255,255,1,0,0,0,466,0,152,13,0
#DST_NUMBER,0,366,160,93,45,44,0,255,255,255,255,1,0,0,0,,,,,
#DST_NUMBER,0,433,186,93,45,44,0,255,255,255,255,1,0,0,0,,,,,
#DST_NUMBER,0,466,190,93,45,44,0,255,255,255,255,1,0,0,0,,,,,
,,,,,,,,,,,,,,,,,,,,
//HYPER数字左,,,,,,,,,,,,,,,,,,,,
//SRC定義,(NULL),gr,x,y,w,h,div_x,div_y,cycle,timer,num,align,keta,,,,,,,
#SRC_NUMBER,0,0,0,1260,450,44,10,1,0,0,47,0,2,,,,,,,
//DST定義,(NULL),time,x,y,w,h,acc,a,r,g,b,blend,filter,angle,center,loop,timer,op1,op2,op3
#DST_NUMBER,0,0,-188,93,45,44,0,255,255,255,255,1,0,0,0,466,0,153,13,0
#DST_NUMBER,0,366,160,93,45,44,0,255,255,255,255,1,0,0,0,,,,,
#DST_NUMBER,0,433,186,93,45,44,0,255,255,255,255,1,0,0,0,,,,,
#DST_NUMBER,0,466,190,93,45,44,0,255,255,255,255,1,0,0,0,,,,,
,,,,,,,,,,,,,,,,,,,,
//ANOTHER数字左,,,,,,,,,,,,,,,,,,,,
//SRC定義,(NULL),gr,x,y,w,h,div_x,div_y,cycle,timer,num,align,keta,,,,,,,
#SRC_NUMBER,0,0,0,1305,450,44,10,1,0,0,48,0,2,,,,,,,
//DST定義,(NULL),time,x,y,w,h,acc,a,r,g,b,blend,filter,angle,center,loop,timer,op1,op2,op3
#DST_NUMBER,0,0,-188,93,45,44,0,255,255,255,255,1,0,0,0,466,0,154,13,0
#DST_NUMBER,0,366,160,93,45,44,0,255,255,255,255,1,0,0,0,,,,,
#DST_NUMBER,0,433,186,93,45,44,0,255,255,255,255,1,0,0,0,,,,,
#DST_NUMBER,0,466,190,93,45,44,0,255,255,255,255,1,0,0,0,,,,,
,,,,,,,,,,,,,,,,,,,,
//BEGINNER数字左,,,,,,,,,,,,,,,,,,,,
//SRC定義,(NULL),gr,x,y,w,h,div_x,div_y,cycle,timer,num,align,keta,,,,,,,
#SRC_NUMBER,0,0,0,1170,450,44,10,1,0,0,45,0,2,,,,,,,
//DST定義,(NULL),time,x,y,w,h,acc,a,r,g,b,blend,filter,angle,center,loop,timer,op1,op2,op3
#DST_NUMBER,0,0,-188,93,45,44,0,255,255,255,255,1,0,0,0,466,0,151,13,0
#DST_NUMBER,0,366,160,93,45,44,0,255,255,255,255,1,0,0,0,,,,,
#DST_NUMBER,0,433,186,93,45,44,0,255,255,255,255,1,0,0,0,,,,,
#DST_NUMBER,0,466,190,93,45,44,0,255,255,255,255,1,0,0,0,,,,,
,,,,,,,,,,,,,,,,,,,,
//BLACKANOTHER数字左,,,,,,,,,,,,,,,,,,,,
//SRC定義,(NULL),gr,x,y,w,h,div_x,div_y,cycle,timer,num,align,keta,,,,,,,
#SRC_NUMBER,0,0,0,1350,450,44,10,1,0,0,49,0,2,,,,,,,
//DST定義,(NULL),time,x,y,w,h,acc,a,r,g,b,blend,filter,angle,center,loop,timer,op1,op2,op3
#DST_NUMBER,0,0,-188,93,45,44,0,255,255,255,255,1,0,0,0,466,0,155,13,0
#DST_NUMBER,0,366,160,93,45,44,0,255,255,255,255,1,0,0,0,,,,,
#DST_NUMBER,0,433,186,93,45,44,0,255,255,255,255,1,0,0,0,,,,,
#DST_NUMBER,0,466,190,93,45,44,0,255,255,255,255,1,0,0,0,,,,,
,,,,,,,,,,,,,,,,,,,,
//NORMAL数字右,,,,,,,,,,,,,,,,,,,,
//SRC定義,(NULL),gr,x,y,w,h,div_x,div_y,cycle,timer,num,align,keta,,,,,,,
#SRC_NUMBER,0,0,0,1215,450,44,10,1,0,0,46,0,2,,,,,,,
//DST定義,(NULL),time,x,y,w,h,acc,a,r,g,b,blend,filter,angle,center,loop,timer,op1,op2,op3
#DST_NUMBER,0,0,1336,93,45,44,0,255,255,255,255,1,0,0,0,466,0,152,0,0
#DST_NUMBER,0,366,988,93,45,44,0,255,255,255,255,1,0,0,0,,,,,
#DST_NUMBER,0,433,962,93,45,44,0,255,255,255,255,1,0,0,0,,,,,
#DST_NUMBER,0,466,958,93,45,44,0,255,255,255,255,1,0,0,0,,,,,
,,,,,,,,,,,,,,,,,,,,
//HYPER数字右,,,,,,,,,,,,,,,,,,,,
//SRC定義,(NULL),gr,x,y,w,h,div_x,div_y,cycle,timer,num,align,keta,,,,,,,
#SRC_NUMBER,0,0,0,1260,450,44,10,1,0,0,47,0,2,,,,,,,
//DST定義,(NULL),time,x,y,w,h,acc,a,r,g,b,blend,filter,angle,center,loop,timer,op1,op2,op3
#DST_NUMBER,0,0,1336,93,45,44,0,255,255,255,255,1,0,0,0,466,0,153,0,0
#DST_NUMBER,0,366,988,93,45,44,0,255,255,255,255,1,0,0,0,,,,,
#DST_NUMBER,0,433,962,93,45,44,0,255,255,255,255,1,0,0,0,,,,,
#DST_NUMBER,0,466,958,93,45,44,0,255,255,255,255,1,0,0,0,,,,,
,,,,,,,,,,,,,,,,,,,,
//ANOTHER数字右,,,,,,,,,,,,,,,,,,,,
//SRC定義,(NULL),gr,x,y,w,h,div_x,div_y,cycle,timer,num,align,keta,,,,,,,
#SRC_NUMBER,0,0,0,1305,450,44,10,1,0,0,48,0,2,,,,,,,
//DST定義,(NULL),time,x,y,w,h,acc,a,r,g,b,blend,filter,angle,center,loop,timer,op1,op2,op3
#DST_NUMBER,0,0,1336,93,45,44,0,255,255,255,255,1,0,0,0,466,0,154,0,0
#DST_NUMBER,0,366,988,93,45,44,0,255,255,255,255,1,0,0,0,,,,,
#DST_NUMBER,0,433,962,93,45,44,0,255,255,255,255,1,0,0,0,,,,,
#DST_NUMBER,0,466,958,93,45,44,0,255,255,255,255,1,0,0,0,,,,,
,,,,,,,,,,,,,,,,,,,,
//BEGINNER数字右,,,,,,,,,,,,,,,,,,,,
//SRC定義,(NULL),gr,x,y,w,h,div_x,div_y,cycle,timer,num,align,keta,,,,,,,
#SRC_NUMBER,0,0,0,1170,450,44,10,1,0,0,45,0,2,,,,,,,
//DST定義,(NULL),time,x,y,w,h,acc,a,r,g,b,blend,filter,angle,center,loop,timer,op1,op2,op3
#DST_NUMBER,0,0,1336,93,45,44,0,255,255,255,255,1,0,0,0,466,0,151,0,0
#DST_NUMBER,0,366,988,93,45,44,0,255,255,255,255,1,0,0,0,,,,,
#DST_NUMBER,0,433,962,93,45,44,0,255,255,255,255,1,0,0,0,,,,,
#DST_NUMBER,0,466,958,93,45,44,0,255,255,255,255,1,0,0,0,,,,,
,,,,,,,,,,,,,,,,,,,,
//BLACKANOTHER数字右,,,,,,,,,,,,,,,,,,,,
//SRC定義,(NULL),gr,x,y,w,h,div_x,div_y,cycle,timer,num,align,keta,,,,,,,
#SRC_NUMBER,0,0,0,1350,450,44,10,1,0,0,49,0,2,,,,,,,
//DST定義,(NULL),time,x,y,w,h,acc,a,r,g,b,blend,filter,angle,center,loop,timer,op1,op2,op3
#DST_NUMBER,0,0,1336,93,45,44,0,255,255,255,255,1,0,0,0,466,0,155,0,0
#DST_NUMBER,0,366,988,93,45,44,0,255,255,255,255,1,0,0,0,,,,,
#DST_NUMBER,0,433,962,93,45,44,0,255,255,255,255,1,0,0,0,,,,,
#DST_NUMBER,0,466,958,93,45,44,0,255,255,255,255,1,0,0,0,,,,,
,,,,,,,,,,,,,,,,,,,,
//NORMAL数字左テカリ,,,,,,,,,,,,,,,,,,,,
//SRC定義,(NULL),gr,x,y,w,h,div_x,div_y,cycle,timer,num,align,keta,,,,,,,
#SRC_NUMBER,0,0,0,1215,450,44,10,1,0,0,46,0,2,,,,,,,
//DST定義,(NULL),time,x,y,w,h,acc,a,r,g,b,blend,filter,angle,center,loop,timer,op1,op2,op3
#DST_NUMBER,0,1233,190,93,45,44,0,255,255,255,255,2,0,0,0,-1,0,152,13,0
#DST_NUMBER,0,1265,190,93,45,44,0,255,255,255,255,2,0,0,0,,,,,
#DST_NUMBER,0,1266,190,93,45,44,0,0,255,255,255,2,0,0,0,,,,,
#DST_NUMBER,0,1299,190,93,45,44,0,0,255,255,255,2,0,0,0,,,,,
#DST_NUMBER,0,1300,190,93,45,44,0,255,255,255,255,2,0,0,0,,,,,
#DST_NUMBER,0,1332,190,93,45,44,0,255,255,255,255,2,0,0,0,,,,,
,,,,,,,,,,,,,,,,,,,,
//NORMAL数字右テカリ,,,,,,,,,,,,,,,,,,,,
//SRC定義,(NULL),gr,x,y,w,h,div_x,div_y,cycle,timer,num,align,keta,,,,,,,
#SRC_NUMBER,0,0,0,1215,450,44,10,1,0,0,46,0,2,,,,,,,
//DST定義,(NULL),time,x,y,w,h,acc,a,r,g,b,blend,filter,angle,center,loop,timer,op1,op2,op3
#DST_NUMBER,0,1233,958,93,45,44,0,255,255,255,255,2,0,0,0,-1,0,152,0,0
#DST_NUMBER,0,1265,958,93,45,44,0,255,255,255,255,2,0,0,0,,,,,
#DST_NUMBER,0,1266,958,93,45,44,0,0,255,255,255,2,0,0,0,,,,,
#DST_NUMBER,0,1299,958,93,45,44,0,0,255,255,255,2,0,0,0,,,,,
#DST_NUMBER,0,1300,958,93,45,44,0,255,255,255,255,2,0,0,0,,,,,
#DST_NUMBER,0,1332,958,93,45,44,0,255,255,255,255,2,0,0,0,,,,,
,,,,,,,,,,,,,,,,,,,,
//HYPER数字左テカリ,,,,,,,,,,,,,,,,,,,,
//SRC定義,(NULL),gr,x,y,w,h,div_x,div_y,cycle,timer,num,align,keta,,,,,,,
#SRC_NUMBER,0,0,0,1260,450,44,10,1,0,0,47,0,2,,,,,,,
//DST定義,(NULL),time,x,y,w,h,acc,a,r,g,b,blend,filter,angle,center,loop,timer,op1,op2,op3
#DST_NUMBER,0,1233,190,93,45,44,0,255,255,255,255,2,0,0,0,-1,0,153,13,0
#DST_NUMBER,0,1265,190,93,45,44,0,255,255,255,255,2,0,0,0,,,,,
#DST_NUMBER,0,1266,190,93,45,44,0,0,255,255,255,2,0,0,0,,,,,
#DST_NUMBER,0,1299,190,93,45,44,0,0,255,255,255,2,0,0,0,,,,,
#DST_NUMBER,0,1300,190,93,45,44,0,255,255,255,255,2,0,0,0,,,,,
#DST_NUMBER,0,1332,190,93,45,44,0,255,255,255,255,2,0,0,0,,,,,
,,,,,,,,,,,,,,,,,,,,
//HYPER数字右テカリ,,,,,,,,,,,,,,,,,,,,
//SRC定義,(NULL),gr,x,y,w,h,div_x,div_y,cycle,timer,num,align,keta,,,,,,,
#SRC_NUMBER,0,0,0,1260,450,44,10,1,0,0,47,0,2,,,,,,,
//DST定義,(NULL),time,x,y,w,h,acc,a,r,g,b,blend,filter,angle,center,loop,timer,op1,op2,op3
#DST_NUMBER,0,1233,958,93,45,44,0,255,255,255,255,2,0,0,0,-1,0,153,0,0
#DST_NUMBER,0,1265,958,93,45,44,0,255,255,255,255,2,0,0,0,,,,,
#DST_NUMBER,0,1266,958,93,45,44,0,0,255,255,255,2,0,0,0,,,,,
#DST_NUMBER,0,1299,958,93,45,44,0,0,255,255,255,2,0,0,0,,,,,
#DST_NUMBER,0,1300,958,93,45,44,0,255,255,255,255,2,0,0,0,,,,,
#DST_NUMBER,0,1332,958,93,45,44,0,255,255,255,255,2,0,0,0,,,,,
,,,,,,,,,,,,,,,,,,,,
//ANOTHER数字左テカリ,,,,,,,,,,,,,,,,,,,,
//SRC定義,(NULL),gr,x,y,w,h,div_x,div_y,cycle,timer,num,align,keta,,,,,,,
#SRC_NUMBER,0,0,0,1305,450,44,10,1,0,0,48,0,2,,,,,,,
//DST定義,(NULL),time,x,y,w,h,acc,a,r,g,b,blend,filter,angle,center,loop,timer,op1,op2,op3
#DST_NUMBER,0,1233,190,93,45,44,0,255,255,255,255,2,0,0,0,-1,0,154,13,0
#DST_NUMBER,0,1265,190,93,45,44,0,255,255,255,255,2,0,0,0,,,,,
#DST_NUMBER,0,1266,190,93,45,44,0,0,255,255,255,2,0,0,0,,,,,
#DST_NUMBER,0,1299,190,93,45,44,0,0,255,255,255,2,0,0,0,,,,,
#DST_NUMBER,0,1300,190,93,45,44,0,255,255,255,255,2,0,0,0,,,,,
#DST_NUMBER,0,1332,190,93,45,44,0,255,255,255,255,2,0,0,0,,,,,
,,,,,,,,,,,,,,,,,,,,
//ANOTHER数字右テカリ,,,,,,,,,,,,,,,,,,,,
//SRC定義,(NULL),gr,x,y,w,h,div_x,div_y,cycle,timer,num,align,keta,,,,,,,
#SRC_NUMBER,0,0,0,1305,450,44,10,1,0,0,48,0,2,,,,,,,
//DST定義,(NULL),time,x,y,w,h,acc,a,r,g,b,blend,filter,angle,center,loop,timer,op1,op2,op3
#DST_NUMBER,0,1233,958,93,45,44,0,255,255,255,255,2,0,0,0,-1,0,154,0,0
#DST_NUMBER,0,1265,958,93,45,44,0,255,255,255,255,2,0,0,0,,,,,
#DST_NUMBER,0,1266,958,93,45,44,0,0,255,255,255,2,0,0,0,,,,,
#DST_NUMBER,0,1299,958,93,45,44,0,0,255,255,255,2,0,0,0,,,,,
#DST_NUMBER,0,1300,958,93,45,44,0,255,255,255,255,2,0,0,0,,,,,
#DST_NUMBER,0,1332,958,93,45,44,0,255,255,255,255,2,0,0,0,,,,,
,,,,,,,,,,,,,,,,,,,,
//BEGINNER数字左テカリ,,,,,,,,,,,,,,,,,,,,
//SRC定義,(NULL),gr,x,y,w,h,div_x,div_y,cycle,timer,num,align,keta,,,,,,,
#SRC_NUMBER,0,0,0,1170,450,44,10,1,0,0,45,0,2,,,,,,,
//DST定義,(NULL),time,x,y,w,h,acc,a,r,g,b,blend,filter,angle,center,loop,timer,op1,op2,op3
#DST_NUMBER,0,1233,190,93,45,44,0,255,255,255,255,2,0,0,0,-1,0,151,13,0
#DST_NUMBER,0,1265,190,93,45,44,0,255,255,255,255,2,0,0,0,,,,,
#DST_NUMBER,0,1266,190,93,45,44,0,0,255,255,255,2,0,0,0,,,,,
#DST_NUMBER,0,1299,190,93,45,44,0,0,255,255,255,2,0,0,0,,,,,
#DST_NUMBER,0,1300,190,93,45,44,0,255,255,255,255,2,0,0,0,,,,,
#DST_NUMBER,0,1332,190,93,45,44,0,255,255,255,255,2,0,0,0,,,,,
,,,,,,,,,,,,,,,,,,,,
//BEGINNER数字右テカリ,,,,,,,,,,,,,,,,,,,,
//SRC定義,(NULL),gr,x,y,w,h,div_x,div_y,cycle,timer,num,align,keta,,,,,,,
#SRC_NUMBER,0,0,0,1170,450,44,10,1,0,0,45,0,2,,,,,,,
//DST定義,(NULL),time,x,y,w,h,acc,a,r,g,b,blend,filter,angle,center,loop,timer,op1,op2,op3
#DST_NUMBER,0,1233,958,93,45,44,0,255,255,255,255,2,0,0,0,-1,0,151,0,0
#DST_NUMBER,0,1265,958,93,45,44,0,255,255,255,255,2,0,0,0,,,,,
#DST_NUMBER,0,1266,958,93,45,44,0,0,255,255,255,2,0,0,0,,,,,
#DST_NUMBER,0,1299,958,93,45,44,0,0,255,255,255,2,0,0,0,,,,,
#DST_NUMBER,0,1300,958,93,45,44,0,255,255,255,255,2,0,0,0,,,,,
#DST_NUMBER,0,1332,958,93,45,44,0,255,255,255,255,2,0,0,0,,,,,
,,,,,,,,,,,,,,,,,,,,
//BLACKANOTHER数字左テカリ,,,,,,,,,,,,,,,,,,,,
//SRC定義,(NULL),gr,x,y,w,h,div_x,div_y,cycle,timer,num,align,keta,,,,,,,
#SRC_NUMBER,0,0,0,1350,450,44,10,1,0,0,49,0,2,,,,,,,
//DST定義,(NULL),time,x,y,w,h,acc,a,r,g,b,blend,filter,angle,center,loop,timer,op1,op2,op3
#DST_NUMBER,0,1233,190,93,45,44,0,255,255,255,255,2,0,0,0,-1,0,155,13,0
#DST_NUMBER,0,1265,190,93,45,44,0,255,255,255,255,2,0,0,0,,,,,
#DST_NUMBER,0,1266,190,93,45,44,0,0,255,255,255,2,0,0,0,,,,,
#DST_NUMBER,0,1299,190,93,45,44,0,0,255,255,255,2,0,0,0,,,,,
#DST_NUMBER,0,1300,190,93,45,44,0,255,255,255,255,2,0,0,0,,,,,
#DST_NUMBER,0,1332,190,93,45,44,0,255,255,255,255,2,0,0,0,,,,,
,,,,,,,,,,,,,,,,,,,,
//BLACKANOTHER数字右テカリ,,,,,,,,,,,,,,,,,,,,
//SRC定義,(NULL),gr,x,y,w,h,div_x,div_y,cycle,timer,num,align,keta,,,,,,,
#SRC_NUMBER,0,0,0,1350,450,44,10,1,0,0,49,0,2,,,,,,,
//DST定義,(NULL),time,x,y,w,h,acc,a,r,g,b,blend,filter,angle,center,loop,timer,op1,op2,op3
#DST_NUMBER,0,1233,958,93,45,44,0,255,255,255,255,2,0,0,0,-1,0,155,0,0
#DST_NUMBER,0,1265,958,93,45,44,0,255,255,255,255,2,0,0,0,,,,,
#DST_NUMBER,0,1266,958,93,45,44,0,0,255,255,255,2,0,0,0,,,,,
#DST_NUMBER,0,1299,958,93,45,44,0,0,255,255,255,2,0,0,0,,,,,
#DST_NUMBER,0,1300,958,93,45,44,0,255,255,255,255,2,0,0,0,,,,,
#DST_NUMBER,0,1332,958,93,45,44,0,255,255,255,255,2,0,0,0,,,,,
,,,,,,,,,,,,,,,,,,,,
#ENDIF,,,,,,,,,,,,,,,,,,,,
,,,,,,,,,,,,,,,,,,,,
"//""NEXT STAGE""",,,,,,,,,,,,,,,,,,,,
//SRC定義,(NULL),gr,x,y,w,h,div_x,div_y,cycle,timer,op1,op2,op3,,,,,,,
#SRC_IMAGE,0,2,65,220,128,19,1,1,0,0,0,0,0,,,,,,,
//DST定義,(NULL),time,x,y,w,h,acc,a,r,g,b,blend,filter,angle,center,loop,timer,op1,op2,op3
#DST_IMAGE,0,0,576,130,128,19,0,255,255,255,255,1,0,0,0,416,0,-3,0,0
#DST_IMAGE,0,350,576,106,128,19,0,255,255,255,255,1,0,0,0,,,,,
#DST_IMAGE,0,416,576,103,128,19,0,255,255,255,255,1,0,0,0,,,,,
,,,,,,,,,,,,,,,,,,,,
"//""EXTRA""",,,,,,,,,,,,,,,,,,,,
//SRC定義,(NULL),gr,x,y,w,h,div_x,div_y,cycle,timer,op1,op2,op3,,,,,,,
#SRC_IMAGE,0,2,0,400,275,45,1,1,0,0,0,0,0,,,,,,,
//DST定義,(NULL),time,x,y,w,h,acc,a,r,g,b,blend,filter,angle,center,loop,timer,op1,op2,op3
#DST_IMAGE,0,0,502,111,275,45,0,10,255,255,255,1,0,0,0,416,0,-3,53,0
#DST_IMAGE,0,183,502,117,275,45,0,100,255,255,255,1,0,0,0,,,,,
#DST_IMAGE,0,416,502,123,275,45,0,255,255,255,255,1,0,0,0,,,,,
,,,,,,,,,,,,,,,,,,,,
"//""EXTRA""テカリ",,,,,,,,,,,,,,,,,,,,
//SRC定義,(NULL),gr,x,y,w,h,div_x,div_y,cycle,timer,op1,op2,op3,,,,,,,
#SRC_IMAGE,0,2,0,400,275,45,1,1,0,0,0,0,0,,,,,,,
//DST定義,(NULL),time,x,y,w,h,acc,a,r,g,b,blend,filter,angle,center,loop,timer,op1,op2,op3
#DST_IMAGE,0,1350,502,123,275,45,0,100,255,255,255,2,0,0,0,-1,0,-3,53,0
#DST_IMAGE,0,1382,502,123,275,45,0,100,255,255,255,2,0,0,0,,,,,
#DST_IMAGE,0,1383,502,123,275,45,0,0,255,255,255,2,0,0,0,,,,,
#DST_IMAGE,0,1415,502,123,275,45,0,0,255,255,255,2,0,0,0,,,,,
#DST_IMAGE,0,1416,502,123,275,45,0,100,255,255,255,2,0,0,0,,,,,
#DST_IMAGE,0,1449,502,123,275,45,0,100,255,255,255,2,0,0,0,,,,,
,,,,,,,,,,,,,,,,,,,,
"//""FINAL""",,,,,,,,,,,,,,,,,,,,
//SRC定義,(NULL),gr,x,y,w,h,div_x,div_y,cycle,timer,op1,op2,op3,,,,,,,
#SRC_IMAGE,0,2,0,350,275,45,1,1,0,0,0,0,0,,,,,,,
//DST定義,(NULL),time,x,y,w,h,acc,a,r,g,b,blend,filter,angle,center,loop,timer,op1,op2,op3
#DST_IMAGE,0,0,502,111,275,45,0,10,255,255,255,1,0,0,0,416,0,-3,52,0
#DST_IMAGE,0,183,502,117,275,45,0,100,255,255,255,1,0,0,0,,,,,
#DST_IMAGE,0,416,502,123,275,45,0,255,255,255,255,1,0,0,0,,,,,
,,,,,,,,,,,,,,,,,,,,
"//""FINAL""テカリ",,,,,,,,,,,,,,,,,,,,
//SRC定義,(NULL),gr,x,y,w,h,div_x,div_y,cycle,timer,op1,op2,op3,,,,,,,
#SRC_IMAGE,0,2,0,350,275,45,1,1,0,0,0,0,0,,,,,,,
//DST定義,(NULL),time,x,y,w,h,acc,a,r,g,b,blend,filter,angle,center,loop,timer,op1,op2,op3
#DST_IMAGE,0,1350,502,123,275,45,0,100,255,255,255,2,0,0,0,-1,0,-3,52,0
#DST_IMAGE,0,1382,502,123,275,45,0,100,255,255,255,2,0,0,0,,,,,
#DST_IMAGE,0,1383,502,123,275,45,0,0,255,255,255,2,0,0,0,,,,,
#DST_IMAGE,0,1415,502,123,275,45,0,0,255,255,255,2,0,0,0,,,,,
#DST_IMAGE,0,1416,502,123,275,45,0,100,255,255,255,2,0,0,0,,,,,
#DST_IMAGE,0,1449,502,123,275,45,0,100,255,255,255,2,0,0,0,,,,,
,,,,,,,,,,,,,,,,,,,,
//SP,,,,,,,,,,,,,,,,,,,,
//SRC定義,(NULL),gr,x,y,w,h,div_x,div_y,cycle,timer,op1,op2,op3,,,,,,,
#SRC_IMAGE,0,0,1924,1202,311,62,1,1,0,0,0,0,0,,,,,,,
//DST定義,(NULL),time,x,y,w,h,acc,a,r,g,b,blend,filter,angle,center,loop,timer,op1,op2,op3
#DST_IMAGE,0,50,485,135,311,62,0,10,255,255,255,1,0,0,0,500,0,3,160,0
#DST_IMAGE,0,500,485,144,311,62,0,255,255,255,255,1,0,0,0,,,,,
,,,,,,,,,,,,,,,,,,,,
//SP テカり,,,,,,,,,,,,,,,,,,,,
//SRC定義,(NULL),gr,x,y,w,h,div_x,div_y,cycle,timer,op1,op2,op3,,,,,,,
#SRC_IMAGE,0,0,1924,1202,311,62,1,1,0,0,0,0,0,,,,,,,
//DST定義,(NULL),time,x,y,w,h,acc,a,r,g,b,blend,filter,angle,center,loop,timer,op1,op2,op3
#DST_IMAGE,0,1383,485,144,311,62,0,100,255,255,255,2,0,0,0,-1,0,3,160,0
#DST_IMAGE,0,1415,485,144,311,62,0,100,255,255,255,2,0,0,0,,,,,
#DST_IMAGE,0,1416,485,144,311,62,0,0,255,255,255,2,0,0,0,,,,,
#DST_IMAGE,0,1449,485,144,311,62,0,0,255,255,255,2,0,0,0,,,,,
#DST_IMAGE,0,1450,485,144,311,62,0,100,255,255,255,2,0,0,0,,,,,
#DST_IMAGE,0,1482,485,144,311,62,0,100,255,255,255,2,0,0,0,,,,,
//SP,,,,,,,,,,,,,,,,,,,,
//SRC定義,(NULL),gr,x,y,w,h,div_x,div_y,cycle,timer,op1,op2,op3,,,,,,,
#SRC_IMAGE,0,0,1924,1202,311,62,1,1,0,0,0,0,0,,,,,,,
//DST定義,(NULL),time,x,y,w,h,acc,a,r,g,b,blend,filter,angle,center,loop,timer,op1,op2,op3
#DST_IMAGE,0,50,485,135,311,62,0,10,255,255,255,1,0,0,0,500,0,3,161,0
#DST_IMAGE,0,500,485,144,311,62,0,255,255,255,255,1,0,0,0,,,,,
,,,,,,,,,,,,,,,,,,,,
//SP テカり,,,,,,,,,,,,,,,,,,,,
//SRC定義,(NULL),gr,x,y,w,h,div_x,div_y,cycle,timer,op1,op2,op3,,,,,,,
#SRC_IMAGE,0,0,1924,1202,311,62,1,1,0,0,0,0,0,,,,,,,
//DST定義,(NULL),time,x,y,w,h,acc,a,r,g,b,blend,filter,angle,center,loop,timer,op1,op2,op3
#DST_IMAGE,0,1383,485,144,311,62,0,100,255,255,255,2,0,0,0,-1,0,3,161,0
#DST_IMAGE,0,1415,485,144,311,62,0,100,255,255,255,2,0,0,0,,,,,
#DST_IMAGE,0,1416,485,144,311,62,0,0,255,255,255,2,0,0,0,,,,,
#DST_IMAGE,0,1449,485,144,311,62,0,0,255,255,255,2,0,0,0,,,,,
#DST_IMAGE,0,1450,485,144,311,62,0,100,255,255,255,2,0,0,0,,,,,
#DST_IMAGE,0,1482,485,144,311,62,0,100,255,255,255,2,0,0,0,,,,,
,,,,,,,,,,,,,,,,,,,,
,,,,,,,,,,,,,,,,,,,,
//DP,,,,,,,,,,,,,,,,,,,,
//SRC定義,(NULL),gr,x,y,w,h,div_x,div_y,cycle,timer,op1,op2,op3,,,,,,,
#SRC_IMAGE,0,0,1924,1270,311,62,1,1,0,0,0,0,0,,,,,,,
//DST定義,(NULL),time,x,y,w,h,acc,a,r,g,b,blend,filter,angle,center,loop,timer,op1,op2,op3
#DST_IMAGE,0,50,485,135,311,62,0,10,255,255,255,1,0,0,0,500,0,3,162,0
#DST_IMAGE,0,500,485,144,311,62,0,255,255,255,255,1,0,0,0,,,,,
,,,,,,,,,,,,,,,,,,,,
//DP テカり,,,,,,,,,,,,,,,,,,,,
//SRC定義,(NULL),gr,x,y,w,h,div_x,div_y,cycle,timer,op1,op2,op3,,,,,,,
#SRC_IMAGE,0,0,1924,1270,311,62,1,1,0,0,0,0,0,,,,,,,
//DST定義,(NULL),time,x,y,w,h,acc,a,r,g,b,blend,filter,angle,center,loop,timer,op1,op2,op3
#DST_IMAGE,0,1383,485,144,311,62,0,100,255,255,255,2,0,0,0,-1,0,3,162,0
#DST_IMAGE,0,1415,485,144,311,62,0,100,255,255,255,2,0,0,0,,,,,
#DST_IMAGE,0,1416,485,144,311,62,0,0,255,255,255,2,0,0,0,,,,,
#DST_IMAGE,0,1449,485,144,311,62,0,0,255,255,255,2,0,0,0,,,,,
#DST_IMAGE,0,1450,485,144,311,62,0,100,255,255,255,2,0,0,0,,,,,
#DST_IMAGE,0,1482,485,144,311,62,0,100,255,255,255,2,0,0,0,,,,,
,,,,,,,,,,,,,,,,,,,,
//DP,,,,,,,,,,,,,,,,,,,,
//SRC定義,(NULL),gr,x,y,w,h,div_x,div_y,cycle,timer,op1,op2,op3,,,,,,,
#SRC_IMAGE,0,0,1924,1270,311,62,1,1,0,0,0,0,0,,,,,,,
//DST定義,(NULL),time,x,y,w,h,acc,a,r,g,b,blend,filter,angle,center,loop,timer,op1,op2,op3
#DST_IMAGE,0,50,485,135,311,62,0,10,255,255,255,1,0,0,0,500,0,3,163,0
#DST_IMAGE,0,500,485,144,311,62,0,255,255,255,255,1,0,0,0,,,,,
,,,,,,,,,,,,,,,,,,,,
//DP テカり,,,,,,,,,,,,,,,,,,,,
//SRC定義,(NULL),gr,x,y,w,h,div_x,div_y,cycle,timer,op1,op2,op3,,,,,,,
#SRC_IMAGE,0,0,1924,1270,311,62,1,1,0,0,0,0,0,,,,,,,
//DST定義,(NULL),time,x,y,w,h,acc,a,r,g,b,blend,filter,angle,center,loop,timer,op1,op2,op3
#DST_IMAGE,0,1383,485,144,311,62,0,100,255,255,255,2,0,0,0,-1,0,3,163,0
#DST_IMAGE,0,1415,485,144,311,62,0,100,255,255,255,2,0,0,0,,,,,
#DST_IMAGE,0,1416,485,144,311,62,0,0,255,255,255,2,0,0,0,,,,,
#DST_IMAGE,0,1449,485,144,311,62,0,0,255,255,255,2,0,0,0,,,,,
#DST_IMAGE,0,1450,485,144,311,62,0,100,255,255,255,2,0,0,0,,,,,
#DST_IMAGE,0,1482,485,144,311,62,0,100,255,255,255,2,0,0,0,,,,,
//PMS,,,,,,,,,,,,,,,,,,,,
//SRC定義,(NULL),gr,x,y,w,h,div_x,div_y,cycle,timer,op1,op2,op3,,,,,,,
#SRC_IMAGE,0,0,1924,1336,311,62,1,1,0,0,0,0,0,,,,,,,
//DST定義,(NULL),time,x,y,w,h,acc,a,r,g,b,blend,filter,angle,center,loop,timer,op1,op2,op3
#DST_IMAGE,0,50,485,135,311,62,0,10,255,255,255,1,0,0,0,500,0,3,164,0
#DST_IMAGE,0,500,485,144,311,62,0,255,255,255,255,1,0,0,0,,,,,
,,,,,,,,,,,,,,,,,,,,
//PMS テカり,,,,,,,,,,,,,,,,,,,,
//SRC定義,(NULL),gr,x,y,w,h,div_x,div_y,cycle,timer,op1,op2,op3,,,,,,,
#SRC_IMAGE,0,0,1924,1336,311,62,1,1,0,0,0,0,0,,,,,,,
//DST定義,(NULL),time,x,y,w,h,acc,a,r,g,b,blend,filter,angle,center,loop,timer,op1,op2,op3
#DST_IMAGE,0,1383,485,144,311,62,0,100,255,255,255,2,0,0,0,-1,0,3,164,0
#DST_IMAGE,0,1415,485,144,311,62,0,100,255,255,255,2,0,0,0,,,,,
#DST_IMAGE,0,1416,485,144,311,62,0,0,255,255,255,2,0,0,0,,,,,
#DST_IMAGE,0,1449,485,144,311,62,0,0,255,255,255,2,0,0,0,,,,,
#DST_IMAGE,0,1450,485,144,311,62,0,100,255,255,255,2,0,0,0,,,,,
#DST_IMAGE,0,1482,485,144,311,62,0,100,255,255,255,2,0,0,0,,,,,
,,,,,,,,,,,,,,,,,,,,
//7,,,,,,,,,,,,,,,,,,,,
//SRC定義,(NULL),gr,x,y,w,h,div_x,div_y,cycle,timer,op1,op2,op3,,,,,,,
#SRC_IMAGE,0,0,2156,710,320,65,1,1,0,0,0,0,0,,,,,,,
//DST定義,(NULL),time,x,y,w,h,acc,a,r,g,b,blend,filter,angle,center,loop,timer,op1,op2,op3
#DST_IMAGE,0,50,480,52,320,65,0,10,255,255,255,1,0,0,0,500,0,3,160,0
#DST_IMAGE,0,500,480,61,320,65,0,255,255,255,255,1,0,0,0,,,,,
,,,,,,,,,,,,,,,,,,,,
//SP テカり,,,,,,,,,,,,,,,,,,,,
//SRC定義,(NULL),gr,x,y,w,h,div_x,div_y,cycle,timer,op1,op2,op3,,,,,,,
#SRC_IMAGE,0,0,2156,710,320,65,1,1,0,0,0,0,0,,,,,,,
//DST定義,(NULL),time,x,y,w,h,acc,a,r,g,b,blend,filter,angle,center,loop,timer,op1,op2,op3
#DST_IMAGE,0,1383,480,61,320,65,0,100,255,255,255,2,0,0,0,-1,0,3,160,0
#DST_IMAGE,0,1415,480,61,320,65,0,100,255,255,255,2,0,0,0,,,,,
#DST_IMAGE,0,1416,480,61,320,65,0,0,255,255,255,2,0,0,0,,,,,
#DST_IMAGE,0,1449,480,61,320,65,0,0,255,255,255,2,0,0,0,,,,,
#DST_IMAGE,0,1450,480,61,320,65,0,100,255,255,255,2,0,0,0,,,,,
#DST_IMAGE,0,1482,480,61,320,65,0,100,255,255,255,2,0,0,0,,,,,
//5,,,,,,,,,,,,,,,,,,,,
//SRC定義,(NULL),gr,x,y,w,h,div_x,div_y,cycle,timer,op1,op2,op3,,,,,,,
#SRC_IMAGE,0,0,2156,779,320,65,1,1,0,0,0,0,0,,,,,,,
//DST定義,(NULL),time,x,y,w,h,acc,a,r,g,b,blend,filter,angle,center,loop,timer,op1,op2,op3
#DST_IMAGE,0,50,480,52,320,65,0,10,255,255,255,1,0,0,0,500,0,3,161,0
#DST_IMAGE,0,500,480,61,320,65,0,255,255,255,255,1,0,0,0,,,,,
,,,,,,,,,,,,,,,,,,,,
//SP テカり,,,,,,,,,,,,,,,,,,,,
//SRC定義,(NULL),gr,x,y,w,h,div_x,div_y,cycle,timer,op1,op2,op3,,,,,,,
#SRC_IMAGE,0,0,2156,779,320,65,1,1,0,0,0,0,0,,,,,,,
//DST定義,(NULL),time,x,y,w,h,acc,a,r,g,b,blend,filter,angle,center,loop,timer,op1,op2,op3
#DST_IMAGE,0,1383,480,61,320,65,0,100,255,255,255,2,0,0,0,-1,0,3,161,0
#DST_IMAGE,0,1415,480,61,320,65,0,100,255,255,255,2,0,0,0,,,,,
#DST_IMAGE,0,1416,480,61,320,65,0,0,255,255,255,2,0,0,0,,,,,
#DST_IMAGE,0,1449,480,61,320,65,0,0,255,255,255,2,0,0,0,,,,,
#DST_IMAGE,0,1450,480,61,320,65,0,100,255,255,255,2,0,0,0,,,,,
#DST_IMAGE,0,1482,480,61,320,65,0,100,255,255,255,2,0,0,0,,,,,
,,,,,,,,,,,,,,,,,,,,
,,,,,,,,,,,,,,,,,,,,
//14,,,,,,,,,,,,,,,,,,,,
//SRC定義,(NULL),gr,x,y,w,h,div_x,div_y,cycle,timer,op1,op2,op3,,,,,,,
#SRC_IMAGE,0,0,2156,912,320,65,1,1,0,0,0,0,0,,,,,,,
//DST定義,(NULL),time,x,y,w,h,acc,a,r,g,b,blend,filter,angle,center,loop,timer,op1,op2,op3
#DST_IMAGE,0,50,480,52,320,65,0,10,255,255,255,1,0,0,0,500,0,3,162,0
#DST_IMAGE,0,500,480,61,320,65,0,255,255,255,255,1,0,0,0,,,,,
,,,,,,,,,,,,,,,,,,,,
//DP テカり,,,,,,,,,,,,,,,,,,,,
//SRC定義,(NULL),gr,x,y,w,h,div_x,div_y,cycle,timer,op1,op2,op3,,,,,,,
#SRC_IMAGE,0,0,2156,912,320,65,1,1,0,0,0,0,0,,,,,,,
//DST定義,(NULL),time,x,y,w,h,acc,a,r,g,b,blend,filter,angle,center,loop,timer,op1,op2,op3
#DST_IMAGE,0,1383,480,61,320,65,0,100,255,255,255,2,0,0,0,-1,0,3,162,0
#DST_IMAGE,0,1415,480,61,320,65,0,100,255,255,255,2,0,0,0,,,,,
#DST_IMAGE,0,1416,480,61,320,65,0,0,255,255,255,2,0,0,0,,,,,
#DST_IMAGE,0,1449,480,61,320,65,0,0,255,255,255,2,0,0,0,,,,,
#DST_IMAGE,0,1450,480,61,320,65,0,100,255,255,255,2,0,0,0,,,,,
#DST_IMAGE,0,1482,480,61,320,65,0,100,255,255,255,2,0,0,0,,,,,
,,,,,,,,,,,,,,,,,,,,
//10,,,,,,,,,,,,,,,,,,,,
//SRC定義,(NULL),gr,x,y,w,h,div_x,div_y,cycle,timer,op1,op2,op3,,,,,,,
#SRC_IMAGE,0,0,2156,844,320,65,1,1,0,0,0,0,0,,,,,,,
//DST定義,(NULL),time,x,y,w,h,acc,a,r,g,b,blend,filter,angle,center,loop,timer,op1,op2,op3
#DST_IMAGE,0,50,480,52,320,65,0,10,255,255,255,1,0,0,0,500,0,3,163,0
#DST_IMAGE,0,500,480,61,320,65,0,255,255,255,255,1,0,0,0,,,,,
,,,,,,,,,,,,,,,,,,,,
//DP テカり,,,,,,,,,,,,,,,,,,,,
//SRC定義,(NULL),gr,x,y,w,h,div_x,div_y,cycle,timer,op1,op2,op3,,,,,,,
#SRC_IMAGE,0,0,2156,844,320,65,1,1,0,0,0,0,0,,,,,,,
//DST定義,(NULL),time,x,y,w,h,acc,a,r,g,b,blend,filter,angle,center,loop,timer,op1,op2,op3
#DST_IMAGE,0,1383,480,61,320,65,0,100,255,255,255,2,0,0,0,-1,0,3,163,0
#DST_IMAGE,0,1415,480,61,320,65,0,100,255,255,255,2,0,0,0,,,,,
#DST_IMAGE,0,1416,480,61,320,65,0,0,255,255,255,2,0,0,0,,,,,
#DST_IMAGE,0,1449,480,61,320,65,0,0,255,255,255,2,0,0,0,,,,,
#DST_IMAGE,0,1450,480,61,320,65,0,100,255,255,255,2,0,0,0,,,,,
#DST_IMAGE,0,1482,480,61,320,65,0,100,255,255,255,2,0,0,0,,,,,
//9,,,,,,,,,,,,,,,,,,,,
//SRC定義,(NULL),gr,x,y,w,h,div_x,div_y,cycle,timer,op1,op2,op3,,,,,,,
#SRC_IMAGE,0,0,2156,979,320,65,1,1,0,0,0,0,0,,,,,,,
//DST定義,(NULL),time,x,y,w,h,acc,a,r,g,b,blend,filter,angle,center,loop,timer,op1,op2,op3
#DST_IMAGE,0,50,480,52,320,65,0,10,255,255,255,1,0,0,0,500,0,3,164,0
#DST_IMAGE,0,500,480,61,320,65,0,255,255,255,255,1,0,0,0,,,,,
,,,,,,,,,,,,,,,,,,,,
//PMS テカり,,,,,,,,,,,,,,,,,,,,
//SRC定義,(NULL),gr,x,y,w,h,div_x,div_y,cycle,timer,op1,op2,op3,,,,,,,
#SRC_IMAGE,0,0,2156,979,320,65,1,1,0,0,0,0,0,,,,,,,
//DST定義,(NULL),time,x,y,w,h,acc,a,r,g,b,blend,filter,angle,center,loop,timer,op1,op2,op3
#DST_IMAGE,0,1383,480,61,320,65,0,100,255,255,255,2,0,0,0,-1,0,3,164,0
#DST_IMAGE,0,1415,480,61,320,65,0,100,255,255,255,2,0,0,0,,,,,
#DST_IMAGE,0,1416,480,61,320,65,0,0,255,255,255,2,0,0,0,,,,,
#DST_IMAGE,0,1449,480,61,320,65,0,0,255,255,255,2,0,0,0,,,,,
#DST_IMAGE,0,1450,480,61,320,65,0,100,255,255,255,2,0,0,0,,,,,
#DST_IMAGE,0,1482,480,61,320,65,0,100,255,255,255,2,0,0,0,,,,,
,,,,,,,,,,,,,,,,,,,,
,,,,,,,,,,,,,,,,,,,,
//段位認定土台,,,,,,,,,,,,,,,,,,,,
//SRC定義,(NULL),gr,x,y,w,h,div_x,div_y,cycle,timer,op1,op2,op3,,,,,,,
#SRC_IMAGE,0,2,600,0,1205,134,1,1,0,0,0,0,0,,,,,,,
//DST定義,(NULL),time,x,y,w,h,acc,a,r,g,b,blend,filter,angle,center,loop,timer,op1,op2,op3
#DST_IMAGE,0,50,20,297,1205,134,0,10,255,255,255,1,0,0,0,500,0,3,0,0
#DST_IMAGE,0,500,20,297,1205,134,0,255,255,255,255,1,0,0,0,,,,,
,,,,,,,,,,,,,,,,,,,,
"//""段位認定""",,,,,,,,,,,,,,,,,,,,
//SRC定義,(NULL),gr,x,y,w,h,div_x,div_y,cycle,timer,op1,op2,op3,,,,,,,
#SRC_IMAGE,0,2,600,150,298,82,1,1,0,0,0,0,0,,,,,,,
//DST定義,(NULL),time,x,y,w,h,acc,a,r,g,b,blend,filter,angle,center,loop,timer,op1,op2,op3
#DST_IMAGE,0,50,492,255,298,82,0,10,255,255,255,1,0,0,0,500,0,0,293,0
#DST_IMAGE,0,500,492,264,298,82,0,255,255,255,255,1,0,0,0,,,,,
,,,,,,,,,,,,,,,,,,,,
"//""段位認定""テカり",,,,,,,,,,,,,,,,,,,,
//SRC定義,(NULL),gr,x,y,w,h,div_x,div_y,cycle,timer,op1,op2,op3,,,,,,,
#SRC_IMAGE,0,2,600,150,298,82,1,1,0,0,0,0,0,,,,,,,
//DST定義,(NULL),time,x,y,w,h,acc,a,r,g,b,blend,filter,angle,center,loop,timer,op1,op2,op3
#DST_IMAGE,0,1383,492,264,298,82,0,100,255,255,255,2,0,0,0,-1,0,0,293,0
#DST_IMAGE,0,1415,492,264,298,82,0,100,255,255,255,2,0,0,0,,,,,
#DST_IMAGE,0,1416,492,264,298,82,0,0,255,255,255,2,0,0,0,,,,,
#DST_IMAGE,0,1449,492,264,298,82,0,0,255,255,255,2,0,0,0,,,,,
#DST_IMAGE,0,1450,492,264,298,82,0,100,255,255,255,2,0,0,0,,,,,
#DST_IMAGE,0,1482,492,264,298,82,0,100,255,255,255,2,0,0,0,,,,,
,,,,,,,,,,,,,,,,,,,,
"//""段位認定"" COURSE",,,,,,,,,,,,,,,,,,,,
//SRC定義,(NULL),gr,x,y,w,h,div_x,div_y,cycle,timer,op1,op2,op3,,,,,,,
#SRC_IMAGE,0,2,590,248,316,69,1,1,0,0,0,0,0,,,,,,,
//DST定義,(NULL),time,x,y,w,h,acc,a,r,g,b,blend,filter,angle,center,loop,timer,op1,op2,op3
#DST_IMAGE,0,50,481,262,316,69,0,10,255,255,255,1,0,0,0,500,0,-293,290,-291
#DST_IMAGE,0,500,481,271,316,69,0,255,255,255,255,1,0,0,0,,,,,
,,,,,,,,,,,,,,,,,,,,
"//""段位認定""テカり",,,,,,,,,,,,,,,,,,,,
//SRC定義,(NULL),gr,x,y,w,h,div_x,div_y,cycle,timer,op1,op2,op3,,,,,,,
#SRC_IMAGE,0,2,592,248,316,69,1,1,0,0,0,0,0,,,,,,,
//DST定義,(NULL),time,x,y,w,h,acc,a,r,g,b,blend,filter,angle,center,loop,timer,op1,op2,op3
#DST_IMAGE,0,1383,481,271,316,69,0,100,255,255,255,2,0,0,0,-1,0,-293,290,-291
#DST_IMAGE,0,1415,481,271,316,69,0,100,255,255,255,2,0,0,0,,,,,
#DST_IMAGE,0,1416,481,271,316,69,0,0,255,255,255,2,0,0,0,,,,,
#DST_IMAGE,0,1449,481,271,316,69,0,0,255,255,255,2,0,0,0,,,,,
#DST_IMAGE,0,1450,481,271,316,69,0,100,255,255,255,2,0,0,0,,,,,
#DST_IMAGE,0,1482,481,271,316,69,0,100,255,255,255,2,0,0,0,,,,,
,,,,,,,,,,,,,,,,,,,,
"//""段位認定"" NONSTOP",,,,,,,,,,,,,,,,,,,,
//SRC定義,(NULL),gr,x,y,w,h,div_x,div_y,cycle,timer,op1,op2,op3,,,,,,,
#SRC_IMAGE,0,2,560,339,373,69,1,1,0,0,0,0,0,,,,,,,
//DST定義,(NULL),time,x,y,w,h,acc,a,r,g,b,blend,filter,angle,center,loop,timer,op1,op2,op3
#DST_IMAGE,0,50,451,262,373,69,0,10,255,255,255,1,0,0,0,500,0,3,291,0
#DST_IMAGE,0,500,451,271,373,69,0,255,255,255,255,1,0,0,0,,,,,
,,,,,,,,,,,,,,,,,,,,
"//""段位認定""テカり",,,,,,,,,,,,,,,,,,,,
//SRC定義,(NULL),gr,x,y,w,h,div_x,div_y,cycle,timer,op1,op2,op3,,,,,,,
#SRC_IMAGE,0,2,560,339,373,69,1,1,0,0,0,0,0,,,,,,,
//DST定義,(NULL),time,x,y,w,h,acc,a,r,g,b,blend,filter,angle,center,loop,timer,op1,op2,op3
#DST_IMAGE,0,1383,451,271,373,69,0,100,255,255,255,2,0,0,0,-1,0,3,291,0
#DST_IMAGE,0,1415,451,271,373,69,0,100,255,255,255,2,0,0,0,,,,,
#DST_IMAGE,0,1416,451,271,373,69,0,0,255,255,255,2,0,0,0,,,,,
#DST_IMAGE,0,1449,451,271,373,69,0,0,255,255,255,2,0,0,0,,,,,
#DST_IMAGE,0,1450,451,271,373,69,0,100,255,255,255,2,0,0,0,,,,,
#DST_IMAGE,0,1482,451,271,73,69,0,100,255,255,255,2,0,0,0,,,,,
,,,,,,,,,,,,,,,,,,,,
///////////////////////////////////////////////////////////////////////////////////////////////////////////////////////////////////////////,,,,,,,,,,,,,,,,,,,,
//文字表示,,,,,,,,align0 左　1中央 2右,,,,,,,,,,,,
///////////////////////////////////////,,,,,,,,,,,,,,,,,,,,
#IF,3,,,,,,,,,,,,,,,,,,,
//タイトル,//string12 現在の曲のタイトル+サブタイトル,,,,,,,,,,,,,,,,,,,
//SRC定義,(NULL),font,st,align,edit,,,,,,,,,,,,,,,
#SRC_TEXT,0,3,12,1,0,,,,,,,,,,,,,,,
//DST定義,(NULL),time,x,y,w,size,acc,a,r,g,b,blend,filter,(NULL),(NULL),loop,timer,op1,op2,op3
#DST_TEXT,0,50,640,350,900,92,0,10,255,255,255,1,1,0,0,500,0,0,0,0
#DST_TEXT,0,500,640,350,900,92,0,255,255,255,255,1,1,0,0,,,,,
,,,,,,,,,,,,,,,,,,,,
,,,,,,,,,,,,,,,,,,,,
#ELSEIF,910,,,,,,,,,,,,,,,,,,,
//タイトル,//string12 現在の曲のタイトル+サブタイトル,,,,,,,,,,,,,,,,,,,
//SRC定義,(NULL),font,st,align,edit,,,,,,,,,,,,,,,
#SRC_TEXT,0,1,12,1,0,,,,,,,,,,,,,,,
//DST定義,(NULL),time,x,y,w,size,acc,a,r,g,b,blend,filter,(NULL),(NULL),loop,timer,op1,op2,op3
#DST_TEXT,0,0,640,304,900,82,0,255,255,255,255,1,1,0,0,0,0,0,0,0
,,,,,,,,,,,,,,,,,,,,
#ELSE,,,,,,,,,,,,,,,,,,,,
//タイトル,//string10 現在の曲のタイトル,,,,,,,,,,,,,,,,,,,
//SRC定義,(NULL),font,st,align,edit,,,,,,,,,,,,,,,
#SRC_TEXT,0,1,10,1,0,,,,,,,,,,,,,,,
//DST定義,(NULL),time,x,y,w,size,acc,a,r,g,b,blend,filter,(NULL),(NULL),loop,timer,op1,op2,op3
#DST_TEXT,0,0,640,304,900,82,0,255,255,255,255,1,1,0,0,0,0,0,0,0
,,,,,,,,,,,,,,,,,,,,
#ENDIF,,,,,,,,,,,,,,,,,,,,
,,,,,,,,,,,,,,,,,,,,
//ジャンル,//string13 現在の曲のジャンル,,,,,,,,,,,,,,,,,,,
//SRC定義,(NULL),font,st,align,edit,,,,,,,,,,,,,,,
#SRC_TEXT,0,2,13,1,0,,,,,,,,,,,,,,,
//DST定義,(NULL),time,x,y,w,size,acc,a,r,g,b,blend,filter,(NULL),(NULL),loop,timer,op1,op2,op3
#DST_TEXT,0,0,640,269,522,36,0,255,255,255,255,1,1,0,0,0,0,0,0,0
//SRC定義,(NULL),font,st,align,edit,,,,,,,,,,,,,,,
#SRC_TEXT,0,2,13,1,0,,,,,,,,,,,,,,,
//DST定義,(NULL),time,x,y,w,size,acc,a,r,g,b,blend,filter,(NULL),(NULL),loop,timer,op1,op2,op3
#DST_TEXT,0,0,640,269,522,36,0,80,255,255,255,2,1,0,0,0,0,0,0,0
,,,,,,,,,,,,,,,,,,,,
//アーティスト,//string14 現在の曲のアーティスト,,,,,,,,,,,,,,,,,,,
//SRC定義,(NULL),font,st,align,edit,,,,,,,,,,,,,,,
#SRC_TEXT,0,2,14,1,0,,,,,,,,,,,,,,,
//DST定義,(NULL),time,x,y,w,size,acc,a,r,g,b,blend,filter,(NULL),(NULL),loop,timer,op1,op2,op3
#DST_TEXT,0,0,640,426,522,36,0,255,255,255,255,1,1,0,0,0,0,0,0,0
//SRC定義,(NULL),font,st,align,edit,,,,,,,,,,,,,,,
#SRC_TEXT,0,2,14,1,0,,,,,,,,,,,,,,,
//DST定義,(NULL),time,x,y,w,size,acc,a,r,g,b,blend,filter,(NULL),(NULL),loop,timer,op1,op2,op3
#DST_TEXT,0,0,640,426,522,36,0,80,255,255,255,2,1,0,0,0,0,0,0,0
,,,,,,,,,,,,,,,,,,,,
/////////////////////////////////////////////////////////////////////////////,,,,,,,,,,,,,,,,,,,,
,,,,,,,,,,,,,,,,,,,,
//フェードアウト,,,,,,,,,,,,,,,,,,,,
,,,,,,,,,,,,,,,,,,,,
//SRC定義,(NULL),gr,x,y,w,h,div_x,div_y,cycle,timer,op1,op2,op3,,,,,,,
#SRC_IMAGE,0,110,0,0,1,1,1,1,0,2,0,0,0,,,,,,,
//DST定義,(NULL),time,x,y,w,h,acc,a,r,g,b,blend,filter,angle,center,loop,timer,op1,op2,op3
#DST_IMAGE,0,1633,0,0,1280,720,0,0,255,255,255,1,0,0,0,1917,0,0,0,0
#DST_IMAGE,0,1917,0,0,1280,720,0,255,255,255,255,1,0,0,0,,,,,
,,,,,,,,,,,,,,,,,,,,
///////////////////////////////////////,,,,,,,,,,,,,,,,,,,,
,,,,,,,,,,,,,,,,,,,,
#IF,191,901,,,,,,,,,,,,,,,,,,
,,,,,,,,,,,,,,,,,,,,
//フェードアウトSTAGEFILE後黒く,,,,,,,,,,,,,,,,,,,,
//SRC定義,(NULL),gr,x,y,w,h,div_x,div_y,cycle,timer,op1,op2,op3,,,,,,,
#SRC_IMAGE,0,110,0,0,1,1,1,1,0,0,0,0,0,,,,,,,
//DST定義,(NULL),time,x,y,w,h,acc,a,r,g,b,blend,filter,angle,center,loop,timer,op1,op2,op3
#DST_IMAGE,0,2000,0,0,1280,720,0,255,255,255,255,0,0,0,0,3600,0,0,0,0
,,,,,,,,,,,,,,,,,,,,
//stagefile,//900 STAGEFILE表示 901 STAGEFILE無視,,,,,,,,,,,,,,,,,,,
//SRC定義,(NULL),gr,x,y,w,h,div_x,div_y,cycle,timer,op1,op2,op3,,,,,,,
#SRC_IMAGE,0,100,0,0,-1,-1,1,1,0,0,0,0,0,,,,,,,
//DST定義,(NULL),time,x,y,w,h,acc,a,r,g,b,blend,filter,angle,center,loop,timer,op1,op2,op3
#DST_IMAGE,0,2000,0,0,1280,720,0,0,255,255,255,1,0,0,0,-1,0,0,0,0
#DST_IMAGE,0,2400,0,0,1280,720,0,255,255,255,255,1,0,0,0,,,,,
#DST_IMAGE,0,2800,0,0,1280,720,0,255,255,255,255,1,0,0,0,,,,,
#DST_IMAGE,0,3200,0,0,1280,720,0,0,255,255,255,1,0,0,0,,,,,
,,,,,,,,,,,,,,,,,,,,
#ENDIF,,,,,,,,,,,,,,,,,,,,
,,,,,,,,,,,,,,,,,,,,
///////////////////////////////////////,,,,,,,,,,,,,,,,,,,,
,,,,,,,,,,,,,,,,,,,,
//フェードイン2,,,,,,,,,,,,,,,,,,,,
//SRC定義,(NULL),gr,x,y,w,h,div_x,div_y,cycle,timer,op1,op2,op3,,,,,,,
#SRC_IMAGE,0,111,0,0,1,1,1,1,0,0,0,0,0,,,,,,,
//DST定義,(NULL),time,x,y,w,h,acc,a,r,g,b,blend,filter,angle,center,loop,timer,op1,op2,op3
#DST_IMAGE,0,0,0,0,1280,720,0,255,255,255,255,1,0,0,0,-1,0,0,0,0
#DST_IMAGE,0,500,0,0,1280,720,0,0,255,255,255,1,0,0,0,,,,,
,,,,,,,,,,,,,,,,,,,,
//キャンセルフェードアウト,,,,,,,,,,,,,,,,,,,,
,,,,,,,,,,,,,,,,,,,,
//SRC定義,(NULL),gr,x,y,w,h,div_x,div_y,cycle,timer,op1,op2,op3,,,,,,,
#SRC_IMAGE,0,110,0,0,1,1,1,1,0,2,0,0,0,,,,,,,
//DST定義,(NULL),time,x,y,w,h,acc,a,r,g,b,blend,filter,angle,center,loop,timer,op1,op2,op3
#DST_IMAGE,0,0,0,0,1280,720,0,0,255,255,255,1,0,0,0,700,2,0,0,0
#DST_IMAGE,0,700,0,0,1280,720,0,255,255,255,255,1,0,0,0,,,,,
,,,,,,,,,,,,,,,,,,,,
//スキップ,,,,,,,,,,,,,,,,,,,,
//SRC定義,(NULL),gr,x,y,w,h,div_x,div_y,cycle,timer,op1,op2,op3,,,,,,,
#SRC_IMAGE,0,110,0,0,1,1,1,1,0,2,0,0,0,,,,,,,
//DST定義,(NULL),time,x,y,w,h,acc,a,r,g,b,blend,filter,angle,center,loop,timer,op1,op2,op3
#DST_IMAGE,0,0,0,0,1280,720,0,0,255,255,255,1,0,0,0,300,3,0,0,0
#DST_IMAGE,0,300,0,0,1280,720,0,255,255,255,255,1,0,0,0,,,,,
,,,,,,,,,,,,,,,,,,,,
///////////////////////////////////////,,,,,,,,,,,,,,,,,,,,
//NETWORK ON,,,,,,,,,,,,,,,,,,,,
//SRC定義,(NULL),gr,x,y,w,h,div_x,div_y,cycle,timer,op1,op2,op3,,,,,,,
#SRC_IMAGE,0,0,1070,515,173,18,1,1,0,0,0,0,0,,,,,,,
//DST定義,(NULL),time,x,y,w,h,acc,a,r,g,b,blend,filter,angle,center,loop,timer,op1,op2,op3
#DST_IMAGE,0,0,1108,696,173,18,0,255,255,255,255,0,0,0,0,0,0,51,0,0
#DST_IMAGE,0,0,1108,696,173,18,0,255,255,255,255,0,0,0,0,,,,,
,,,,,,,,,,,,,,,,,,,,
//NETWORK OFF,,,,,,,,,,,,,,,,,,,,
//SRC定義,(NULL),gr,x,y,w,h,div_x,div_y,cycle,timer,op1,op2,op3,,,,,,,
#SRC_IMAGE,0,0,1070,535,182,18,1,1,0,0,0,0,0,,,,,,,
//DST定義,(NULL),time,x,y,w,h,acc,a,r,g,b,blend,filter,angle,center,loop,timer,op1,op2,op3
#DST_IMAGE,0,0,1108,696,182,18,0,255,255,255,255,0,0,0,0,0,0,50,0,0
#DST_IMAGE,0,0,1108,696,182,18,0,255,255,255,255,0,0,0,0,,,,,
